-- =============================================================================
-- 0004_seed.sql
-- LITERAL mock data import — the database mirrors the client's workbook
-- "Resources/Mock Data_Field Survey - Online Update_Rev 4.xlsx" exactly:
--   Field Survey (18)  ·  Online In Building QR Codes / BTR (18)
--   Private Sale Online In Building (18)   →  54 responses, one client.
--   Rev 4 revises the numeric scores for clearer dial distinction.
--
-- Generated by scripts/import_mock_workbook.py. Notes:
--  * Sentiment is heuristic-derived (the workbook carries none) + hand overrides.
--  * submitted_at is spread across early July 2026 (inside temporal_cohort Q3-2026).
--  * Scored categoricals carry value_normalized (energy Yes/No→100/0;
--    field wellbeing Yes_POS/YES_NEG/NO_NEG→100/50/0); all raw values preserved.
-- =============================================================================

-- ---- Survey question catalog (updated three-sheet architecture) --------------
insert into public.survey_questions (code, channel, seq, short_label, theme, response_type, gresb_ref) values
  ('FS_AGE','field',1,'Age','demographic','numeric',null),
  ('FS_ACCESS_COHORT','field',2,'Accessibility & Mobility Cohort','mobility','single_choice',null),
  ('FS_PROXIMITY','field',3,'Local Proximity','proximity','single_choice',null),
  ('FS_PUBLIC_SPACE','field',4,'Public Space / Environmental Quality','public_realm','scale_1_5','GRESB TC 6.1'),
  ('FS_GRIEVANCE','field',5,'Grievance & Communication Confidence','grievance','scale_1_5','GRESB TC 6.1 / TISFD'),
  ('FS_WELLBEING_AWARE','field',6,'Wellbeing/Offerings Awareness','wellbeing','single_choice','GRESB TC 6.1'),
  ('FS_OFFERING','field',7,'Desired Offering (Q6-B chips)','offering','single_choice',null),
  ('FS_OPEN','field',8,'Constructive Suggestion (voice-to-text)','open_text','open_text',null),
  ('OL_OCCUPANCY','online',0,'Occupancy Status (Q2)','demographic','single_choice',null),
  ('OL_COST_MANAGEABLE','online',1,'Cost Manageability (Q3): living costs manageable & sustainable','housing','scale_1_5',null),
  ('OL_COST_FOLLOWUP','online',2,'Cost Follow-up (Q3B): why costs feel unmanageable','housing','open_text',null),
  ('OL_ENERGY_KNOW','online',3,'Knows How to Optimize Energy Settings (Q4)','sustainability','yes_no',null),
  ('OL_ACTIVE_TRAVEL','online',4,'Recycling & Active Travel (Q5)','mobility','scale_1_5',null),
  ('OL_SECURITY','online',5,'Off-Peak Security (Q6)','safety','scale_1_5',null),
  ('OL_PUBLIC_REALM','online',6,'Public Realm Contribution (Q7)','public_realm','scale_1_5',null),
  ('OL_GRIEVANCE','online',7,'Management Responsiveness (Q8)','grievance','scale_1_5',null),
  ('OL_WELLBEING_AWARE','online',8,'Community & Wellbeing Awareness (Q9)','wellbeing','scale_1_5',null),
  ('OL_OFFERING_1','online',9,'Top Offering Choice 1 (Q10)','offering','single_choice',null),
  ('OL_OFFERING_2','online',10,'Top Offering Choice 2 (Q10)','offering','single_choice',null),
  ('OL_OPEN','online',11,'Constructive Suggestion (Q10B)','open_text','open_text',null),
  -- Retired in the updated survey architecture (kept for history):
  ('OL_GREEN_INFRA','online',99,'Green Infrastructure & Efficiency (retired)','sustainability','scale_1_5',null),
  ('PO_PLACEHOLDER','private_ownership',1,'Private Ownership (awaiting sheet)','general','scale_1_5',null)
on conflict (code) do nothing;
update public.survey_questions set is_active = false
where channel = 'private_ownership' or code = 'OL_GREEN_INFRA';

-- (The six revised standardized KPIs are seeded by the KPI engine in 0005.)

-- ==== LITERAL MOCK DATA (generated from Mock Data_Field Survey - Online Update_Rev 4.xlsx) ====
insert into public.tenants (id, name, branding) values
  ('cln-0010', 'Client CLN-0010', '{"brand":"37 99 235","logoText":"CLN-0010"}');

insert into public.projects (id, tenant_id, name, status, completion_date, retention_expires_at) values
  ('3bdeba7a-1367-56b0-8cda-019df7b92a33', 'cln-0010', 'AST-0001 (In-Construction)', 'active', null, null),
  ('e441eb4b-f78c-57a0-b457-99cf5f1dcd77', 'cln-0010', 'AST-0004 (Completed - BTR)', 'in_report', date '2026-05-01', date '2026-11-01'),
  ('70fd5045-e1cb-5360-b464-5a0de135c1fc', 'cln-0010', 'AST-0006 (Completed - Private Sale)', 'in_report', date '2026-04-15', date '2026-10-15');

insert into public.survey_responses
  (id, tenant_id, project_id, channel, source, asset_class_state, tenure,
   respondent_typology, delivery_model, temporal_cohort, period_year, period_quarter,
   submitted_at, q1_demographic, q2_asset_class, q3_tenure, housing_cost_to_income,
   q10_text, q10_sentiment, q10_sentiment_score) values
('b2e8e35e-71f1-5ee5-b676-f7d2d80a9bfb','cln-0010','3bdeba7a-1367-56b0-8cda-019df7b92a33','field','field_pwa','in_construction',null,'construction_adjacent',null,'Q3-2026',2026,3,timestamptz '2026-07-01 09:00:00+00','35-49','In-Construction','—',null,'More construciton site jobs please.','positive',0.5),
('e2be5a0a-7606-50a1-9ff8-bb369359c8b1','cln-0010','3bdeba7a-1367-56b0-8cda-019df7b92a33','field','field_pwa','in_construction',null,'construction_adjacent',null,'Q3-2026',2026,3,timestamptz '2026-07-02 10:07:00+00','35-49','In-Construction','—',null,'Can we get weekly text or email updates on loud drilling schedules? Advance notice helps those of us working from home plan our meetings.','positive',0.5),
('5399793f-99df-5bc9-9a98-f0ca7d215c9a','cln-0010','3bdeba7a-1367-56b0-8cda-019df7b92a33','field','field_pwa','in_construction',null,'construction_adjacent',null,'Q3-2026',2026,3,timestamptz '2026-07-03 11:14:00+00','35-49','In-Construction','—',null,'Please invest in high-quality dust screens and daily street sweeping. The air quality and grime have been tough on local businesses.','negative',-0.5),
('dd637180-2ce4-530f-aff7-736ab4ae4e62','cln-0010','3bdeba7a-1367-56b0-8cda-019df7b92a33','field','field_pwa','in_construction',null,'construction_adjacent',null,'Q3-2026',2026,3,timestamptz '2026-07-04 12:21:00+00','25-34','In-Construction','—',null,'Instead of a generic concrete plaza, we really want green spaces with native plants, mature trees, and actual grass to hang out on.','positive',0.5),
('2ea1a5cf-84ec-5a70-9465-41c0b31b6a15','cln-0010','3bdeba7a-1367-56b0-8cda-019df7b92a33','field','field_pwa','in_construction',null,'construction_adjacent',null,'Q3-2026',2026,3,timestamptz '2026-07-05 13:28:00+00','65+','In-Construction','—',null,'We need more consultation on children''s play area. Kid''s come first.','neutral',0.0),
('a5d09c6c-8913-5be2-8e51-f0f3b9d191ba','cln-0010','3bdeba7a-1367-56b0-8cda-019df7b92a33','field','field_pwa','in_construction',null,'construction_adjacent',null,'Q3-2026',2026,3,timestamptz '2026-07-01 14:35:00+00','65+','In-Construction','—',null,'Can the new development include dedicated affordable housing units? We don''t want to see lifelong residents priced out of the area.','neutral',0.0),
('26f47ecb-7b2d-5f2f-9463-9c4eaf5fa87a','cln-0010','3bdeba7a-1367-56b0-8cda-019df7b92a33','field','field_pwa','in_construction',null,'construction_adjacent',null,'Q3-2026',2026,3,timestamptz '2026-07-02 15:42:00+00','25-34','In-Construction','—',null,'Please respect the agreed-upon working hours. Concrete mixing and loud hammering at 7:30 AM on a Saturday is hurting our sleep.','negative',-0.5),
('837c5965-74e5-57cf-8d35-c6b37e9e80e1','cln-0010','3bdeba7a-1367-56b0-8cda-019df7b92a33','field','field_pwa','in_construction',null,'construction_adjacent',null,'Q3-2026',2026,3,timestamptz '2026-07-03 16:49:00+00','35-49','In-Construction','—',null,'We need a clear, public point of contact or a hotline for when bright site lights are left shining directly into bedrooms all night.','negative',-0.5),
('fdc16506-a23a-54e5-b766-d794f55feaeb','cln-0010','3bdeba7a-1367-56b0-8cda-019df7b92a33','field','field_pwa','in_construction',null,'construction_adjacent',null,'Q3-2026',2026,3,timestamptz '2026-07-04 09:56:00+00','35-49','In-Construction','—',null,'Will the new building include public amenities like a community room, a playground, or a small retail store?','positive',0.5),
('df82c4c0-f1e1-5bf6-81da-43b98dab861d','cln-0010','3bdeba7a-1367-56b0-8cda-019df7b92a33','field','field_pwa','in_construction',null,'construction_adjacent',null,'Q3-2026',2026,3,timestamptz '2026-07-05 10:03:00+00','50-64','In-Construction','—',null,'Please don''t block the bike lanes or sidewalks with construction materials. Pedestrians and cyclists are being forced into busy traffic.','negative',-0.5),
('4fc910ed-5f86-593f-b289-e6a583b0f4cf','cln-0010','3bdeba7a-1367-56b0-8cda-019df7b92a33','field','field_pwa','in_construction',null,'construction_adjacent',null,'Q3-2026',2026,3,timestamptz '2026-07-01 11:10:00+00','50-64','In-Construction','—',null,'We’d love to see local artists hired to paint murals on the temporary construction hoarding. It keeps the neighborhood looking vibrant','positive',0.5),
('36abe1c1-0f66-50a5-829a-0bee2d3135fb','cln-0010','3bdeba7a-1367-56b0-8cda-019df7b92a33','field','field_pwa','in_construction',null,'construction_adjacent',null,'Q3-2026',2026,3,timestamptz '2026-07-02 12:17:00+00','35-49','In-Construction','—',null,'Is there a plan to upgrade our local sewage and grid infrastructure alongside this massive new build? We''re worried about the strain.','neutral',0.0),
('21f4bc39-3975-5cb3-bcc1-fe861c4361f1','cln-0010','3bdeba7a-1367-56b0-8cda-019df7b92a33','field','field_pwa','in_construction',null,'construction_adjacent',null,'Q3-2026',2026,3,timestamptz '2026-07-03 13:24:00+00','35-49','In-Construction','—',null,'Where''s the waste management plan that prioritizes recycling and composting construction debris, rather than just sending everything straight to the landfill.','neutral',0.0),
('67011e9c-fee8-58ab-a47b-228222fe2126','cln-0010','3bdeba7a-1367-56b0-8cda-019df7b92a33','field','field_pwa','in_construction',null,'construction_adjacent',null,'Q3-2026',2026,3,timestamptz '2026-07-04 14:31:00+00','25-34','In-Construction','—',null,'Please prioritize hiring local subcontractors and buying materials from nearby businesses to keep the economic benefits close.','positive',0.5),
('c0d066ec-74c6-5130-ab9b-c125bd6b4d78','cln-0010','3bdeba7a-1367-56b0-8cda-019df7b92a33','field','field_pwa','in_construction',null,'construction_adjacent',null,'Q3-2026',2026,3,timestamptz '2026-07-05 15:38:00+00','50-64','In-Construction','—',null,'What can be done to clean up the old warehouses down the side street next to the new development?','neutral',0.0),
('09c32125-62b3-57ca-be1e-dcc92d11d7ee','cln-0010','3bdeba7a-1367-56b0-8cda-019df7b92a33','field','field_pwa','in_construction',null,'construction_adjacent',null,'Q3-2026',2026,3,timestamptz '2026-07-01 16:45:00+00','65+','In-Construction','—',null,'Can you provide a clear timeline for when the sidewalk closures will end? It''s currently making the local bus stop inaccessible.','negative',-0.5),
('911fcea2-6e0a-511e-a6e5-fe40a0e55d0f','cln-0010','3bdeba7a-1367-56b0-8cda-019df7b92a33','field','field_pwa','in_construction',null,'construction_adjacent',null,'Q3-2026',2026,3,timestamptz '2026-07-02 09:52:00+00','25-34','In-Construction','—',null,'What''s being done to provide youth training in construction.','neutral',0.0),
('6bb102e4-cd90-552b-b075-338b3aefba97','cln-0010','3bdeba7a-1367-56b0-8cda-019df7b92a33','field','field_pwa','in_construction',null,'construction_adjacent',null,'Q3-2026',2026,3,timestamptz '2026-07-03 10:59:00+00','65+','In-Construction','—',null,'More homes is a good thing, that''s all.','positive',0.5),
('9fca16ad-3a11-5dbb-b9dc-d031a94dcdef','cln-0010','e441eb4b-f78c-57a0-b457-99cf5f1dcd77','online','digital_public','completed','btr','resident_completed','build_to_rent','Q3-2026',2026,3,timestamptz '2026-07-01 09:40:00+00','25-34','Completed','BTR',null,'We need a dedicated, secure delivery room with refrigerated lockers. With so many renters ordering groceries online, it stops theft and spoilage.','neutral',0.0),
('b0cae422-84c9-5a95-b617-8e5db8a8734a','cln-0010','e441eb4b-f78c-57a0-b457-99cf5f1dcd77','online','digital_public','completed','btr','resident_completed','build_to_rent','Q3-2026',2026,3,timestamptz '2026-07-02 10:47:00+00','25-34','Completed','BTR',null,'Please add a community repair workshop room in the basement with shared tools. It saves us buying drills we use once and keeps noise out of apartments.','neutral',0.0),
('be260889-1ef6-5d0c-a0f3-ec007a631804','cln-0010','e441eb4b-f78c-57a0-b457-99cf5f1dcd77','online','digital_public','completed','btr','resident_completed','build_to_rent','Q3-2026',2026,3,timestamptz '2026-07-03 11:54:00+00','25-34','Completed','BTR',null,'Could you install a pet-wash station near the main entrance? It keeps the communal carpets clean and helps the high number of dog owners here','positive',0.5),
('e9a1749a-a39a-59be-acb5-96084482200e','cln-0010','e441eb4b-f78c-57a0-b457-99cf5f1dcd77','online','digital_public','completed','btr','resident_completed','build_to_rent','Q3-2026',2026,3,timestamptz '2026-07-04 12:01:00+00','35-49','Completed','BTR',null,'We need a bookable, quiet pod in the co-working space. It’s impossible to take confidential client calls when it''s busy','negative',-0.5),
('daea510f-148f-56b8-82cc-d440e128fa46','cln-0010','e441eb4b-f78c-57a0-b457-99cf5f1dcd77','online','digital_public','completed','btr','resident_completed','build_to_rent','Q3-2026',2026,3,timestamptz '2026-07-05 13:08:00+00','18-24','Completed','BTR',null,'Please add cargo bike parking. Doesn''t fit right now.','neutral',0.0),
('281cc058-99d8-5c24-8be0-71e88bffb933','cln-0010','e441eb4b-f78c-57a0-b457-99cf5f1dcd77','online','digital_public','completed','btr','resident_completed','build_to_rent','Q3-2026',2026,3,timestamptz '2026-07-01 14:15:00+00','25-34','Completed','BTR',null,'Can we use the rooftop terrace for a resident-led community herb garden? It’s a great way for neighbors to connect and greens the concrete view','positive',0.5),
('afd2788c-f47c-515d-a9da-62165443c85a','cln-0010','e441eb4b-f78c-57a0-b457-99cf5f1dcd77','online','digital_public','completed','btr','resident_completed','build_to_rent','Q3-2026',2026,3,timestamptz '2026-07-02 15:22:00+00','35-49','Completed','BTR',null,'Please partner with the local bakery in the arches to bring a pop up. It supports the neighborhood','positive',0.5),
('1766d762-d7ba-5c41-b95a-2f1f81142fcb','cln-0010','e441eb4b-f78c-57a0-b457-99cf5f1dcd77','online','digital_public','completed','btr','resident_completed','build_to_rent','Q3-2026',2026,3,timestamptz '2026-07-03 16:29:00+00','35-49','Completed','BTR',null,'We need EV charging points allocated to rental units, not just open visitor bays. It’s the only way residents can confidently switch to electric."','neutral',0.0),
('d6e0708f-9f0a-5810-ac0a-1db03b5fc556','cln-0010','e441eb4b-f78c-57a0-b457-99cf5f1dcd77','online','digital_public','completed','btr','resident_completed','build_to_rent','Q3-2026',2026,3,timestamptz '2026-07-04 09:36:00+00','25-34','Completed','BTR',null,'Please add a bulky-item recycling depot on-site. When tenants move out, usable furniture gets dumped; a swap-and-recycle zone would stop waste.','neutral',0.0),
('de1f2f32-ac48-5600-a35f-fbc4d32f8c97','cln-0010','e441eb4b-f78c-57a0-b457-99cf5f1dcd77','online','digital_public','completed','btr','resident_completed','build_to_rent','Q3-2026',2026,3,timestamptz '2026-07-05 10:43:00+00','18-24','Completed','BTR',null,'Could the ground-floor retail space be offered at a discount to a local independent grocery store?','neutral',0.0),
('444a414b-0fb3-5ab6-a0d7-c6d784e36ea0','cln-0010','e441eb4b-f78c-57a0-b457-99cf5f1dcd77','online','digital_public','completed','btr','resident_completed','build_to_rent','Q3-2026',2026,3,timestamptz '2026-07-01 11:50:00+00','50-64','Completed','BTR',null,'mailroom really messy all the time','negative',-0.5),
('d7119f9b-e048-5775-aea0-392473220899','cln-0010','e441eb4b-f78c-57a0-b457-99cf5f1dcd77','online','digital_public','completed','btr','resident_completed','build_to_rent','Q3-2026',2026,3,timestamptz '2026-07-02 12:57:00+00','25-34','Completed','BTR',null,'We need a digital community board','neutral',0.0),
('a0d10c40-b64e-5b2e-b6bb-6f6628e37afb','cln-0010','e441eb4b-f78c-57a0-b457-99cf5f1dcd77','online','digital_public','completed','btr','resident_completed','build_to_rent','Q3-2026',2026,3,timestamptz '2026-07-03 13:04:00+00','35-49','Completed','BTR',null,'Can the development host a monthly neighborhood donation drive in the lobby? It’s an easy way for us to give back to the local shelter nearby.','positive',0.5),
('c7939da1-9386-5920-8b64-d3739dbd208b','cln-0010','e441eb4b-f78c-57a0-b457-99cf5f1dcd77','online','digital_public','completed','btr','resident_completed','build_to_rent','Q3-2026',2026,3,timestamptz '2026-07-04 14:11:00+00','35-49','Completed','BTR',null,'We suggest adding a pram and stroller parking garage near the main lobby. Dragging wet strollers around isn''t fun','neutral',0.0),
('a9a1ee2b-bce4-55cd-bec8-4150ccd8d9f0','cln-0010','e441eb4b-f78c-57a0-b457-99cf5f1dcd77','online','digital_public','completed','btr','resident_completed','build_to_rent','Q3-2026',2026,3,timestamptz '2026-07-05 15:18:00+00','35-49','Completed','BTR',null,'lease add motion-sensor LED lighting to the external walkways facing the public park. It enhances safety for both tenants and local walkers.','positive',0.5),
('9b452616-76e8-5c11-888d-541f827256f7','cln-0010','e441eb4b-f78c-57a0-b457-99cf5f1dcd77','online','digital_public','completed','btr','resident_completed','build_to_rent','Q3-2026',2026,3,timestamptz '2026-07-01 16:25:00+00','18-24','Completed','BTR',null,'communal lounge host free wellbeing seminars','positive',0.5),
('b25545de-1381-503b-9bec-b97b37a20a70','cln-0010','e441eb4b-f78c-57a0-b457-99cf5f1dcd77','online','digital_public','completed','btr','resident_completed','build_to_rent','Q3-2026',2026,3,timestamptz '2026-07-02 09:32:00+00','25-34','Completed','BTR',null,'share regular updates on local businesses','positive',0.5),
('635a091f-81bc-5776-9e9d-7461fc20810e','cln-0010','e441eb4b-f78c-57a0-b457-99cf5f1dcd77','online','digital_public','completed','btr','resident_completed','build_to_rent','Q3-2026',2026,3,timestamptz '2026-07-03 10:39:00+00','50-64','Completed','BTR',null,'We need more EV charging points!','neutral',0.0),
('2b65c755-99d8-58da-b34f-7b95afaaf0e8','cln-0010','70fd5045-e1cb-5360-b464-5a0de135c1fc','online','digital_public','completed','private_ownership','resident_completed','build_to_sell','Q3-2026',2026,3,timestamptz '2026-07-01 09:40:00+00','35-49','Completed','Private Ownership',null,'An 8-storey building needs dedicated kid-friendly zones. A small, secure ground-floor playroom or fenced outdoor playground would have vastly improved daily life for families here','positive',0.5),
('9aa7a4fe-7305-5537-b226-4d1b653a5bfe','cln-0010','70fd5045-e1cb-5360-b464-5a0de135c1fc','online','digital_public','completed','private_ownership','resident_completed','build_to_sell','Q3-2026',2026,3,timestamptz '2026-07-02 10:47:00+00','25-34','Completed','Private Ownership',null,'adding a small, fenced dog run on the rooftop or ground level would keep the immediate neighbourhood cleaner and help pet-owning residents exercise their dogs safely.','positive',0.5),
('a5398df0-40fb-5023-8dfc-589abe054447','cln-0010','70fd5045-e1cb-5360-b464-5a0de135c1fc','online','digital_public','completed','private_ownership','resident_completed','build_to_sell','Q3-2026',2026,3,timestamptz '2026-07-03 11:54:00+00','25-34','Completed','Private Ownership',null,'a shared co-working space or quiet study room on the mezzanine would have better served the high number of remote workers in this building.','neutral',0.0),
('b12e066f-3881-5a2c-b1a4-167895bd390c','cln-0010','70fd5045-e1cb-5360-b464-5a0de135c1fc','online','digital_public','completed','private_ownership','resident_completed','build_to_sell','Q3-2026',2026,3,timestamptz '2026-07-04 12:01:00+00','35-49','Completed','Private Ownership',null,'A communal rooftop garden with BBQ facilities would have fostered a much stronger sense of community among residents across all eight floors','positive',0.5),
('3dc3fde5-9e79-5b65-8972-f9afdf511f32','cln-0010','70fd5045-e1cb-5360-b464-5a0de135c1fc','online','digital_public','completed','private_ownership','resident_completed','build_to_sell','Q3-2026',2026,3,timestamptz '2026-07-05 13:08:00+00','35-49','Completed','Private Ownership',null,'The lobby desperately needs a secure, smart parcel locker system. Courier theft is high, and it would keep the entrance clear of cluttered packages for everyone','negative',-0.5),
('ea1c3d32-c61e-5232-8a38-5c0de9f35d7f','cln-0010','70fd5045-e1cb-5360-b464-5a0de135c1fc','online','digital_public','completed','private_ownership','resident_completed','build_to_sell','Q3-2026',2026,3,timestamptz '2026-07-01 14:15:00+00','25-34','Completed','Private Ownership',null,'installing a third high-speed service elevator would prevent the massive morning bottlenecks','negative',-0.5),
('d348bcdb-37d8-5cf1-b9e5-62c1f7b5f622','cln-0010','70fd5045-e1cb-5360-b464-5a0de135c1fc','online','digital_public','completed','private_ownership','resident_completed','build_to_sell','Q3-2026',2026,3,timestamptz '2026-07-02 15:22:00+00','35-49','Completed','Private Ownership',null,'The development lacks adequate basement storage cages. Providing secure, oversized lockers for bulky items like seasonal gear','negative',-0.5),
('6a8f9d9f-cf3b-5751-bc03-efd10718a2db','cln-0010','70fd5045-e1cb-5360-b464-5a0de135c1fc','online','digital_public','completed','private_ownership','resident_completed','build_to_sell','Q3-2026',2026,3,timestamptz '2026-07-03 16:29:00+00','35-49','Completed','Private Ownership',null,'Every other parking bay should have been pre-wired for EV charging.','neutral',0.0),
('9a021591-c51e-5120-a640-768bc8d864ea','cln-0010','70fd5045-e1cb-5360-b464-5a0de135c1fc','online','digital_public','completed','private_ownership','resident_completed','build_to_sell','Q3-2026',2026,3,timestamptz '2026-07-04 09:36:00+00','25-34','Completed','Private Ownership',null,'The bike storage room is way too cramped for a building this size. Double-tier racks and a small maintenance stand with tools','negative',-0.5),
('cfb44553-71fb-5649-9618-24bb43a2d150','cln-0010','70fd5045-e1cb-5360-b464-5a0de135c1fc','online','digital_public','completed','private_ownership','resident_completed','build_to_sell','Q3-2026',2026,3,timestamptz '2026-07-05 10:43:00+00','18-24','Completed','Private Ownership',null,'Integrating a greywater recycling system for flushing toilets and watering the property’s landscaping would have greatly reduced our environmental footprint.','positive',0.5),
('088fc8a2-99c1-55e4-9362-476d71254fd1','cln-0010','70fd5045-e1cb-5360-b464-5a0de135c1fc','online','digital_public','completed','private_ownership','resident_completed','build_to_sell','Q3-2026',2026,3,timestamptz '2026-07-01 11:50:00+00','50-64','Completed','Private Ownership',null,'Acoustic insulation between the gym and first floor should have been upgraded beyond minimum code. We can hear pounding from our apartment','negative',-0.5),
('e2c07da0-d27a-5bfc-96fa-afee194ca9f3','cln-0010','70fd5045-e1cb-5360-b464-5a0de135c1fc','online','digital_public','completed','private_ownership','resident_completed','build_to_sell','Q3-2026',2026,3,timestamptz '2026-07-02 12:57:00+00','25-34','Completed','Private Ownership',null,'ducted, energy-efficient AC units rather than cheap wall split-systems would have kept our top-floor apartment much cooler','neutral',0.0),
('9c99a702-7122-5b68-83fb-6380b7f713cd','cln-0010','70fd5045-e1cb-5360-b464-5a0de135c1fc','online','digital_public','completed','private_ownership','resident_completed','build_to_sell','Q3-2026',2026,3,timestamptz '2026-07-03 13:04:00+00','35-49','Completed','Private Ownership',null,'Adding walk-in pantries or more built-in utility closets would have made the two-bedroom layouts significantly more functional for us','neutral',0.0),
('4f971650-fc25-5c4c-a8e2-85b50cefc5ac','cln-0010','70fd5045-e1cb-5360-b464-5a0de135c1fc','online','digital_public','completed','private_ownership','resident_completed','build_to_sell','Q3-2026',2026,3,timestamptz '2026-07-04 14:11:00+00','50-64','Completed','Private Ownership',null,'llocating the ground floor for a small independent cafe or grocery corner store would have activated the street','neutral',0.0),
('42432b6b-7374-55d8-aaab-2e86e66d9ece','cln-0010','70fd5045-e1cb-5360-b464-5a0de135c1fc','online','digital_public','completed','private_ownership','resident_completed','build_to_sell','Q3-2026',2026,3,timestamptz '2026-07-05 15:18:00+00','35-49','Completed','Private Ownership',null,'Development should have included dedicated, secure off-street visitor parking bays to avoid overwhelming the already congested local street','negative',-0.5),
('e268949e-ac86-513a-a6ff-386823a0225b','cln-0010','70fd5045-e1cb-5360-b464-5a0de135c1fc','online','digital_public','completed','private_ownership','resident_completed','build_to_sell','Q3-2026',2026,3,timestamptz '2026-07-01 16:25:00+00','35-49','Completed','Private Ownership',null,'Planting mature, dense canopy trees along the street frontage would have better shielded our lower-level balconies','positive',0.5),
('ebf413f2-4a3d-5b9b-89d6-1b421bcf130e','cln-0010','70fd5045-e1cb-5360-b464-5a0de135c1fc','online','digital_public','completed','private_ownership','resident_completed','build_to_sell','Q3-2026',2026,3,timestamptz '2026-07-02 09:32:00+00','25-34','Completed','Private Ownership',null,'More space for storage in the basement.','neutral',0.0),
('adbaca98-178c-5cf1-865a-eaa8065841c0','cln-0010','70fd5045-e1cb-5360-b464-5a0de135c1fc','online','digital_public','completed','private_ownership','resident_completed','build_to_sell','Q3-2026',2026,3,timestamptz '2026-07-03 10:39:00+00','65+','Completed','Private Ownership',null,'The smart window opening system is very complicated to operate!','negative',-0.5);

insert into public.survey_answers
  (response_id, question_code, value_raw, value_raw_type, value_numeric, value_normalized, sentiment) values
('b2e8e35e-71f1-5ee5-b676-f7d2d80a9bfb','FS_AGE','41','numeric',41,null,null),
('b2e8e35e-71f1-5ee5-b676-f7d2d80a9bfb','FS_ACCESS_COHORT','1','categorical',null,null,null),
('b2e8e35e-71f1-5ee5-b676-f7d2d80a9bfb','FS_PROXIMITY','DCW','categorical',null,null,null),
('b2e8e35e-71f1-5ee5-b676-f7d2d80a9bfb','FS_PUBLIC_SPACE','5','numeric',5,100.0,null),
('b2e8e35e-71f1-5ee5-b676-f7d2d80a9bfb','FS_GRIEVANCE','1','numeric',1,0.0,null),
('b2e8e35e-71f1-5ee5-b676-f7d2d80a9bfb','FS_WELLBEING_AWARE','Yes_POS','categorical',null,100,null),
('b2e8e35e-71f1-5ee5-b676-f7d2d80a9bfb','FS_OPEN','More construciton site jobs please.','text',null,null,'positive'),
('e2be5a0a-7606-50a1-9ff8-bb369359c8b1','FS_AGE','43','numeric',43,null,null),
('e2be5a0a-7606-50a1-9ff8-bb369359c8b1','FS_ACCESS_COHORT','1','categorical',null,null,null),
('e2be5a0a-7606-50a1-9ff8-bb369359c8b1','FS_PROXIMITY','LR','categorical',null,null,null),
('e2be5a0a-7606-50a1-9ff8-bb369359c8b1','FS_PUBLIC_SPACE','2','numeric',2,25.0,null),
('e2be5a0a-7606-50a1-9ff8-bb369359c8b1','FS_GRIEVANCE','1','numeric',1,0.0,null),
('e2be5a0a-7606-50a1-9ff8-bb369359c8b1','FS_WELLBEING_AWARE','Yes_POS','categorical',null,100,null),
('e2be5a0a-7606-50a1-9ff8-bb369359c8b1','FS_OPEN','Can we get weekly text or email updates on loud drilling schedules? Advance notice helps those of us working from home plan our meetings.','text',null,null,'positive'),
('5399793f-99df-5bc9-9a98-f0ca7d215c9a','FS_AGE','45','numeric',45,null,null),
('5399793f-99df-5bc9-9a98-f0ca7d215c9a','FS_ACCESS_COHORT','3','categorical',null,null,null),
('5399793f-99df-5bc9-9a98-f0ca7d215c9a','FS_PROXIMITY','Occ_Ten','categorical',null,null,null),
('5399793f-99df-5bc9-9a98-f0ca7d215c9a','FS_PUBLIC_SPACE','5','numeric',5,100.0,null),
('5399793f-99df-5bc9-9a98-f0ca7d215c9a','FS_GRIEVANCE','1','numeric',1,0.0,null),
('5399793f-99df-5bc9-9a98-f0ca7d215c9a','FS_WELLBEING_AWARE','YES_NEG','categorical',null,50,null),
('5399793f-99df-5bc9-9a98-f0ca7d215c9a','FS_OFFERING','HEALTH_Fit','categorical',null,null,null),
('5399793f-99df-5bc9-9a98-f0ca7d215c9a','FS_OPEN','Please invest in high-quality dust screens and daily street sweeping. The air quality and grime have been tough on local businesses.','text',null,null,'negative'),
('dd637180-2ce4-530f-aff7-736ab4ae4e62','FS_AGE','30','numeric',30,null,null),
('dd637180-2ce4-530f-aff7-736ab4ae4e62','FS_ACCESS_COHORT','1','categorical',null,null,null),
('dd637180-2ce4-530f-aff7-736ab4ae4e62','FS_PROXIMITY','DCW','categorical',null,null,null),
('dd637180-2ce4-530f-aff7-736ab4ae4e62','FS_PUBLIC_SPACE','5','numeric',5,100.0,null),
('dd637180-2ce4-530f-aff7-736ab4ae4e62','FS_GRIEVANCE','1','numeric',1,0.0,null),
('dd637180-2ce4-530f-aff7-736ab4ae4e62','FS_WELLBEING_AWARE','Yes_POS','categorical',null,100,null),
('dd637180-2ce4-530f-aff7-736ab4ae4e62','FS_OPEN','Instead of a generic concrete plaza, we really want green spaces with native plants, mature trees, and actual grass to hang out on.','text',null,null,'positive'),
('2ea1a5cf-84ec-5a70-9465-41c0b31b6a15','FS_AGE','67','numeric',67,null,null),
('2ea1a5cf-84ec-5a70-9465-41c0b31b6a15','FS_ACCESS_COHORT','4','categorical',null,null,null),
('2ea1a5cf-84ec-5a70-9465-41c0b31b6a15','FS_PROXIMITY','Occ_Ten','categorical',null,null,null),
('2ea1a5cf-84ec-5a70-9465-41c0b31b6a15','FS_PUBLIC_SPACE','3','numeric',3,50.0,null),
('2ea1a5cf-84ec-5a70-9465-41c0b31b6a15','FS_GRIEVANCE','2','numeric',2,25.0,null),
('2ea1a5cf-84ec-5a70-9465-41c0b31b6a15','FS_WELLBEING_AWARE','NO_NEG','categorical',null,0,null),
('2ea1a5cf-84ec-5a70-9465-41c0b31b6a15','FS_OFFERING','Green_Pock','categorical',null,null,null),
('2ea1a5cf-84ec-5a70-9465-41c0b31b6a15','FS_OPEN','We need more consultation on children''s play area. Kid''s come first.','text',null,null,'neutral'),
('a5d09c6c-8913-5be2-8e51-f0f3b9d191ba','FS_AGE','66','numeric',66,null,null),
('a5d09c6c-8913-5be2-8e51-f0f3b9d191ba','FS_ACCESS_COHORT','2','categorical',null,null,null),
('a5d09c6c-8913-5be2-8e51-f0f3b9d191ba','FS_PROXIMITY','Occ_Ten','categorical',null,null,null),
('a5d09c6c-8913-5be2-8e51-f0f3b9d191ba','FS_PUBLIC_SPACE','5','numeric',5,100.0,null),
('a5d09c6c-8913-5be2-8e51-f0f3b9d191ba','FS_GRIEVANCE','1','numeric',1,0.0,null),
('a5d09c6c-8913-5be2-8e51-f0f3b9d191ba','FS_WELLBEING_AWARE','Yes_POS','categorical',null,100,null),
('a5d09c6c-8913-5be2-8e51-f0f3b9d191ba','FS_OPEN','Can the new development include dedicated affordable housing units? We don''t want to see lifelong residents priced out of the area.','text',null,null,'neutral'),
('26f47ecb-7b2d-5f2f-9463-9c4eaf5fa87a','FS_AGE','32','numeric',32,null,null),
('26f47ecb-7b2d-5f2f-9463-9c4eaf5fa87a','FS_ACCESS_COHORT','2','categorical',null,null,null),
('26f47ecb-7b2d-5f2f-9463-9c4eaf5fa87a','FS_PROXIMITY','LR','categorical',null,null,null),
('26f47ecb-7b2d-5f2f-9463-9c4eaf5fa87a','FS_PUBLIC_SPACE','5','numeric',5,100.0,null),
('26f47ecb-7b2d-5f2f-9463-9c4eaf5fa87a','FS_GRIEVANCE','1','numeric',1,0.0,null),
('26f47ecb-7b2d-5f2f-9463-9c4eaf5fa87a','FS_WELLBEING_AWARE','NO_NEG','categorical',null,0,null),
('26f47ecb-7b2d-5f2f-9463-9c4eaf5fa87a','FS_OFFERING','YPPL_Activity','categorical',null,null,null),
('26f47ecb-7b2d-5f2f-9463-9c4eaf5fa87a','FS_OPEN','Please respect the agreed-upon working hours. Concrete mixing and loud hammering at 7:30 AM on a Saturday is hurting our sleep.','text',null,null,'negative'),
('837c5965-74e5-57cf-8d35-c6b37e9e80e1','FS_AGE','38','numeric',38,null,null),
('837c5965-74e5-57cf-8d35-c6b37e9e80e1','FS_ACCESS_COHORT','3','categorical',null,null,null),
('837c5965-74e5-57cf-8d35-c6b37e9e80e1','FS_PROXIMITY','DCW','categorical',null,null,null),
('837c5965-74e5-57cf-8d35-c6b37e9e80e1','FS_PUBLIC_SPACE','3','numeric',3,50.0,null),
('837c5965-74e5-57cf-8d35-c6b37e9e80e1','FS_GRIEVANCE','2','numeric',2,25.0,null),
('837c5965-74e5-57cf-8d35-c6b37e9e80e1','FS_WELLBEING_AWARE','Yes_POS','categorical',null,100,null),
('837c5965-74e5-57cf-8d35-c6b37e9e80e1','FS_OPEN','We need a clear, public point of contact or a hotline for when bright site lights are left shining directly into bedrooms all night.','text',null,null,'negative'),
('fdc16506-a23a-54e5-b766-d794f55feaeb','FS_AGE','47','numeric',47,null,null),
('fdc16506-a23a-54e5-b766-d794f55feaeb','FS_ACCESS_COHORT','0','categorical',null,null,null),
('fdc16506-a23a-54e5-b766-d794f55feaeb','FS_PROXIMITY','DCW','categorical',null,null,null),
('fdc16506-a23a-54e5-b766-d794f55feaeb','FS_PUBLIC_SPACE','5','numeric',5,100.0,null),
('fdc16506-a23a-54e5-b766-d794f55feaeb','FS_GRIEVANCE','3','numeric',3,50.0,null),
('fdc16506-a23a-54e5-b766-d794f55feaeb','FS_WELLBEING_AWARE','Yes_POS','categorical',null,100,null),
('fdc16506-a23a-54e5-b766-d794f55feaeb','FS_OPEN','Will the new building include public amenities like a community room, a playground, or a small retail store?','text',null,null,'positive'),
('df82c4c0-f1e1-5bf6-81da-43b98dab861d','FS_AGE','58','numeric',58,null,null),
('df82c4c0-f1e1-5bf6-81da-43b98dab861d','FS_ACCESS_COHORT','0','categorical',null,null,null),
('df82c4c0-f1e1-5bf6-81da-43b98dab861d','FS_PROXIMITY','LR','categorical',null,null,null),
('df82c4c0-f1e1-5bf6-81da-43b98dab861d','FS_PUBLIC_SPACE','5','numeric',5,100.0,null),
('df82c4c0-f1e1-5bf6-81da-43b98dab861d','FS_GRIEVANCE','3','numeric',3,50.0,null),
('df82c4c0-f1e1-5bf6-81da-43b98dab861d','FS_WELLBEING_AWARE','NO_NEG','categorical',null,0,null),
('df82c4c0-f1e1-5bf6-81da-43b98dab861d','FS_OFFERING','MWL_Events','categorical',null,null,null),
('df82c4c0-f1e1-5bf6-81da-43b98dab861d','FS_OPEN','Please don''t block the bike lanes or sidewalks with construction materials. Pedestrians and cyclists are being forced into busy traffic.','text',null,null,'negative'),
('4fc910ed-5f86-593f-b289-e6a583b0f4cf','FS_AGE','61','numeric',61,null,null),
('4fc910ed-5f86-593f-b289-e6a583b0f4cf','FS_ACCESS_COHORT','1','categorical',null,null,null),
('4fc910ed-5f86-593f-b289-e6a583b0f4cf','FS_PROXIMITY','DCW','categorical',null,null,null),
('4fc910ed-5f86-593f-b289-e6a583b0f4cf','FS_PUBLIC_SPACE','2','numeric',2,25.0,null),
('4fc910ed-5f86-593f-b289-e6a583b0f4cf','FS_GRIEVANCE','4','numeric',4,75.0,null),
('4fc910ed-5f86-593f-b289-e6a583b0f4cf','FS_WELLBEING_AWARE','YES_NEG','categorical',null,50,null),
('4fc910ed-5f86-593f-b289-e6a583b0f4cf','FS_OFFERING','NEG_Need','categorical',null,null,null),
('4fc910ed-5f86-593f-b289-e6a583b0f4cf','FS_OPEN','We’d love to see local artists hired to paint murals on the temporary construction hoarding. It keeps the neighborhood looking vibrant','text',null,null,'positive'),
('36abe1c1-0f66-50a5-829a-0bee2d3135fb','FS_AGE','42','numeric',42,null,null),
('36abe1c1-0f66-50a5-829a-0bee2d3135fb','FS_ACCESS_COHORT','0','categorical',null,null,null),
('36abe1c1-0f66-50a5-829a-0bee2d3135fb','FS_PROXIMITY','LR','categorical',null,null,null),
('36abe1c1-0f66-50a5-829a-0bee2d3135fb','FS_PUBLIC_SPACE','2','numeric',2,25.0,null),
('36abe1c1-0f66-50a5-829a-0bee2d3135fb','FS_GRIEVANCE','5','numeric',5,100.0,null),
('36abe1c1-0f66-50a5-829a-0bee2d3135fb','FS_WELLBEING_AWARE','Yes_POS','categorical',null,100,null),
('36abe1c1-0f66-50a5-829a-0bee2d3135fb','FS_OPEN','Is there a plan to upgrade our local sewage and grid infrastructure alongside this massive new build? We''re worried about the strain.','text',null,null,'neutral'),
('21f4bc39-3975-5cb3-bcc1-fe861c4361f1','FS_AGE','39','numeric',39,null,null),
('21f4bc39-3975-5cb3-bcc1-fe861c4361f1','FS_ACCESS_COHORT','2','categorical',null,null,null),
('21f4bc39-3975-5cb3-bcc1-fe861c4361f1','FS_PROXIMITY','Occ_Ten','categorical',null,null,null),
('21f4bc39-3975-5cb3-bcc1-fe861c4361f1','FS_PUBLIC_SPACE','4','numeric',4,75.0,null),
('21f4bc39-3975-5cb3-bcc1-fe861c4361f1','FS_GRIEVANCE','5','numeric',5,100.0,null),
('21f4bc39-3975-5cb3-bcc1-fe861c4361f1','FS_WELLBEING_AWARE','YES_NEG','categorical',null,50,null),
('21f4bc39-3975-5cb3-bcc1-fe861c4361f1','FS_OFFERING','HEALTH_Fit','categorical',null,null,null),
('21f4bc39-3975-5cb3-bcc1-fe861c4361f1','FS_OPEN','Where''s the waste management plan that prioritizes recycling and composting construction debris, rather than just sending everything straight to the landfill.','text',null,null,'neutral'),
('67011e9c-fee8-58ab-a47b-228222fe2126','FS_AGE','33','numeric',33,null,null),
('67011e9c-fee8-58ab-a47b-228222fe2126','FS_ACCESS_COHORT','0','categorical',null,null,null),
('67011e9c-fee8-58ab-a47b-228222fe2126','FS_PROXIMITY','DCW','categorical',null,null,null),
('67011e9c-fee8-58ab-a47b-228222fe2126','FS_PUBLIC_SPACE','2','numeric',2,25.0,null),
('67011e9c-fee8-58ab-a47b-228222fe2126','FS_GRIEVANCE','4','numeric',4,75.0,null),
('67011e9c-fee8-58ab-a47b-228222fe2126','FS_WELLBEING_AWARE','YES_NEG','categorical',null,50,null),
('67011e9c-fee8-58ab-a47b-228222fe2126','FS_OFFERING','STREET_Safe','categorical',null,null,null),
('67011e9c-fee8-58ab-a47b-228222fe2126','FS_OPEN','Please prioritize hiring local subcontractors and buying materials from nearby businesses to keep the economic benefits close.','text',null,null,'positive'),
('c0d066ec-74c6-5130-ab9b-c125bd6b4d78','FS_AGE','51','numeric',51,null,null),
('c0d066ec-74c6-5130-ab9b-c125bd6b4d78','FS_ACCESS_COHORT','1','categorical',null,null,null),
('c0d066ec-74c6-5130-ab9b-c125bd6b4d78','FS_PROXIMITY','DCW','categorical',null,null,null),
('c0d066ec-74c6-5130-ab9b-c125bd6b4d78','FS_PUBLIC_SPACE','2','numeric',2,25.0,null),
('c0d066ec-74c6-5130-ab9b-c125bd6b4d78','FS_GRIEVANCE','5','numeric',5,100.0,null),
('c0d066ec-74c6-5130-ab9b-c125bd6b4d78','FS_WELLBEING_AWARE','Yes_POS','categorical',null,100,null),
('c0d066ec-74c6-5130-ab9b-c125bd6b4d78','FS_OPEN','What can be done to clean up the old warehouses down the side street next to the new development?','text',null,null,'neutral'),
('09c32125-62b3-57ca-be1e-dcc92d11d7ee','FS_AGE','65','numeric',65,null,null),
('09c32125-62b3-57ca-be1e-dcc92d11d7ee','FS_ACCESS_COHORT','4','categorical',null,null,null),
('09c32125-62b3-57ca-be1e-dcc92d11d7ee','FS_PROXIMITY','LR','categorical',null,null,null),
('09c32125-62b3-57ca-be1e-dcc92d11d7ee','FS_PUBLIC_SPACE','5','numeric',5,100.0,null),
('09c32125-62b3-57ca-be1e-dcc92d11d7ee','FS_GRIEVANCE','5','numeric',5,100.0,null),
('09c32125-62b3-57ca-be1e-dcc92d11d7ee','FS_WELLBEING_AWARE','YES_NEG','categorical',null,50,null),
('09c32125-62b3-57ca-be1e-dcc92d11d7ee','FS_OFFERING','YPPL_Activity','categorical',null,null,null),
('09c32125-62b3-57ca-be1e-dcc92d11d7ee','FS_OPEN','Can you provide a clear timeline for when the sidewalk closures will end? It''s currently making the local bus stop inaccessible.','text',null,null,'negative'),
('911fcea2-6e0a-511e-a6e5-fe40a0e55d0f','FS_AGE','28','numeric',28,null,null),
('911fcea2-6e0a-511e-a6e5-fe40a0e55d0f','FS_ACCESS_COHORT','1','categorical',null,null,null),
('911fcea2-6e0a-511e-a6e5-fe40a0e55d0f','FS_PROXIMITY','FTV_Passerby','categorical',null,null,null),
('911fcea2-6e0a-511e-a6e5-fe40a0e55d0f','FS_PUBLIC_SPACE','5','numeric',5,100.0,null),
('911fcea2-6e0a-511e-a6e5-fe40a0e55d0f','FS_GRIEVANCE','1','numeric',1,0.0,null),
('911fcea2-6e0a-511e-a6e5-fe40a0e55d0f','FS_WELLBEING_AWARE','NO_NEG','categorical',null,0,null),
('911fcea2-6e0a-511e-a6e5-fe40a0e55d0f','FS_OFFERING','MWL_Events','categorical',null,null,null),
('911fcea2-6e0a-511e-a6e5-fe40a0e55d0f','FS_OPEN','What''s being done to provide youth training in construction.','text',null,null,'neutral'),
('6bb102e4-cd90-552b-b075-338b3aefba97','FS_AGE','67','numeric',67,null,null),
('6bb102e4-cd90-552b-b075-338b3aefba97','FS_ACCESS_COHORT','3','categorical',null,null,null),
('6bb102e4-cd90-552b-b075-338b3aefba97','FS_PROXIMITY','FTV_Passerby','categorical',null,null,null),
('6bb102e4-cd90-552b-b075-338b3aefba97','FS_PUBLIC_SPACE','2','numeric',2,25.0,null),
('6bb102e4-cd90-552b-b075-338b3aefba97','FS_GRIEVANCE','2','numeric',2,25.0,null),
('6bb102e4-cd90-552b-b075-338b3aefba97','FS_WELLBEING_AWARE','NO_NEG','categorical',null,0,null),
('6bb102e4-cd90-552b-b075-338b3aefba97','FS_OFFERING','STREET_Safe','categorical',null,null,null),
('6bb102e4-cd90-552b-b075-338b3aefba97','FS_OPEN','More homes is a good thing, that''s all.','text',null,null,'positive'),
('9fca16ad-3a11-5dbb-b9dc-d031a94dcdef','OL_OCCUPANCY','Full-time Resident','categorical',null,null,null),
('9fca16ad-3a11-5dbb-b9dc-d031a94dcdef','OL_COST_MANAGEABLE','1','numeric',1,0.0,null),
('9fca16ad-3a11-5dbb-b9dc-d031a94dcdef','OL_COST_FOLLOWUP','Service charges doubled with zero breakdown. Feels like we are paying for a luxury concierge we don''t even have.','text',null,null,'negative'),
('9fca16ad-3a11-5dbb-b9dc-d031a94dcdef','OL_ENERGY_KNOW','Yes','categorical',null,100,null),
('9fca16ad-3a11-5dbb-b9dc-d031a94dcdef','OL_ACTIVE_TRAVEL','5','numeric',5,100.0,null),
('9fca16ad-3a11-5dbb-b9dc-d031a94dcdef','OL_SECURITY','4','numeric',4,75.0,null),
('9fca16ad-3a11-5dbb-b9dc-d031a94dcdef','OL_PUBLIC_REALM','3','numeric',3,50.0,null),
('9fca16ad-3a11-5dbb-b9dc-d031a94dcdef','OL_GRIEVANCE','4','numeric',4,75.0,null),
('9fca16ad-3a11-5dbb-b9dc-d031a94dcdef','OL_WELLBEING_AWARE','4','numeric',4,75.0,null),
('9fca16ad-3a11-5dbb-b9dc-d031a94dcdef','OL_OFFERING_1','Expanded Green Space / Shading','multi',null,null,null),
('9fca16ad-3a11-5dbb-b9dc-d031a94dcdef','OL_OFFERING_2','Local Business/Independent Retail Pop-ups','multi',null,null,null),
('9fca16ad-3a11-5dbb-b9dc-d031a94dcdef','OL_OPEN','We need a dedicated, secure delivery room with refrigerated lockers. With so many renters ordering groceries online, it stops theft and spoilage.','text',null,null,'neutral'),
('b0cae422-84c9-5a95-b617-8e5db8a8734a','OL_OCCUPANCY','Part-time/Commuter','categorical',null,null,null),
('b0cae422-84c9-5a95-b617-8e5db8a8734a','OL_COST_MANAGEABLE','2','numeric',2,25.0,null),
('b0cae422-84c9-5a95-b617-8e5db8a8734a','OL_COST_FOLLOWUP','Uncapped community energy network bills. We have no choice in provider and zero transparency on how they calculate use.','text',null,null,'negative'),
('b0cae422-84c9-5a95-b617-8e5db8a8734a','OL_ENERGY_KNOW','Yes','categorical',null,100,null),
('b0cae422-84c9-5a95-b617-8e5db8a8734a','OL_ACTIVE_TRAVEL','3','numeric',3,50.0,null),
('b0cae422-84c9-5a95-b617-8e5db8a8734a','OL_SECURITY','1','numeric',1,0.0,null),
('b0cae422-84c9-5a95-b617-8e5db8a8734a','OL_PUBLIC_REALM','4','numeric',4,75.0,null),
('b0cae422-84c9-5a95-b617-8e5db8a8734a','OL_GRIEVANCE','2','numeric',2,25.0,null),
('b0cae422-84c9-5a95-b617-8e5db8a8734a','OL_WELLBEING_AWARE','1','numeric',1,0.0,null),
('b0cae422-84c9-5a95-b617-8e5db8a8734a','OL_OFFERING_1','Community Workshops & Social Events','multi',null,null,null),
('b0cae422-84c9-5a95-b617-8e5db8a8734a','OL_OFFERING_2','Improved Lighting & Public Safety Measures','multi',null,null,null),
('b0cae422-84c9-5a95-b617-8e5db8a8734a','OL_OPEN','Please add a community repair workshop room in the basement with shared tools. It saves us buying drills we use once and keeps noise out of apartments.','text',null,null,'neutral'),
('be260889-1ef6-5d0c-a0f3-ec007a631804','OL_OCCUPANCY','Full-time Resident','categorical',null,null,null),
('be260889-1ef6-5d0c-a0f3-ec007a631804','OL_COST_MANAGEABLE','1','numeric',1,0.0,null),
('be260889-1ef6-5d0c-a0f3-ec007a631804','OL_ENERGY_KNOW','Yes','categorical',null,100,null),
('be260889-1ef6-5d0c-a0f3-ec007a631804','OL_ACTIVE_TRAVEL','2','numeric',2,25.0,null),
('be260889-1ef6-5d0c-a0f3-ec007a631804','OL_SECURITY','1','numeric',1,0.0,null),
('be260889-1ef6-5d0c-a0f3-ec007a631804','OL_PUBLIC_REALM','4','numeric',4,75.0,null),
('be260889-1ef6-5d0c-a0f3-ec007a631804','OL_GRIEVANCE','3','numeric',3,50.0,null),
('be260889-1ef6-5d0c-a0f3-ec007a631804','OL_WELLBEING_AWARE','1','numeric',1,0.0,null),
('be260889-1ef6-5d0c-a0f3-ec007a631804','OL_OFFERING_1','Expanded Green Space / Shading','multi',null,null,null),
('be260889-1ef6-5d0c-a0f3-ec007a631804','OL_OFFERING_2','Community Workshops & Social Events','multi',null,null,null),
('be260889-1ef6-5d0c-a0f3-ec007a631804','OL_OPEN','Could you install a pet-wash station near the main entrance? It keeps the communal carpets clean and helps the high number of dog owners here','text',null,null,'positive'),
('e9a1749a-a39a-59be-acb5-96084482200e','OL_OCCUPANCY','Local Business Employee','categorical',null,null,null),
('e9a1749a-a39a-59be-acb5-96084482200e','OL_COST_MANAGEABLE','2','numeric',2,25.0,null),
('e9a1749a-a39a-59be-acb5-96084482200e','OL_ENERGY_KNOW','Yes','categorical',null,100,null),
('e9a1749a-a39a-59be-acb5-96084482200e','OL_ACTIVE_TRAVEL','2','numeric',2,25.0,null),
('e9a1749a-a39a-59be-acb5-96084482200e','OL_SECURITY','4','numeric',4,75.0,null),
('e9a1749a-a39a-59be-acb5-96084482200e','OL_PUBLIC_REALM','5','numeric',5,100.0,null),
('e9a1749a-a39a-59be-acb5-96084482200e','OL_GRIEVANCE','5','numeric',5,100.0,null),
('e9a1749a-a39a-59be-acb5-96084482200e','OL_WELLBEING_AWARE','5','numeric',5,100.0,null),
('e9a1749a-a39a-59be-acb5-96084482200e','OL_OFFERING_1','Secure Bicycle & EV Infrastructure','multi',null,null,null),
('e9a1749a-a39a-59be-acb5-96084482200e','OL_OFFERING_2','Community Workshops & Social Events','multi',null,null,null),
('e9a1749a-a39a-59be-acb5-96084482200e','OL_OPEN','We need a bookable, quiet pod in the co-working space. It’s impossible to take confidential client calls when it''s busy','text',null,null,'negative'),
('daea510f-148f-56b8-82cc-d440e128fa46','OL_OCCUPANCY','Full-time Resident','categorical',null,null,null),
('daea510f-148f-56b8-82cc-d440e128fa46','OL_COST_MANAGEABLE','3','numeric',3,50.0,null),
('daea510f-148f-56b8-82cc-d440e128fa46','OL_COST_FOLLOWUP','The mandatory £50/month gym and amenity fee, even though the equipment has been broken and out of order since November.','text',null,null,'negative'),
('daea510f-148f-56b8-82cc-d440e128fa46','OL_ENERGY_KNOW','Yes','categorical',null,100,null),
('daea510f-148f-56b8-82cc-d440e128fa46','OL_ACTIVE_TRAVEL','5','numeric',5,100.0,null),
('daea510f-148f-56b8-82cc-d440e128fa46','OL_SECURITY','4','numeric',4,75.0,null),
('daea510f-148f-56b8-82cc-d440e128fa46','OL_PUBLIC_REALM','4','numeric',4,75.0,null),
('daea510f-148f-56b8-82cc-d440e128fa46','OL_GRIEVANCE','5','numeric',5,100.0,null),
('daea510f-148f-56b8-82cc-d440e128fa46','OL_WELLBEING_AWARE','4','numeric',4,75.0,null),
('daea510f-148f-56b8-82cc-d440e128fa46','OL_OFFERING_1','Community Workshops & Social Events','multi',null,null,null),
('daea510f-148f-56b8-82cc-d440e128fa46','OL_OFFERING_2','Expanded Green Space / Shading','multi',null,null,null),
('daea510f-148f-56b8-82cc-d440e128fa46','OL_OPEN','Please add cargo bike parking. Doesn''t fit right now.','text',null,null,'neutral'),
('281cc058-99d8-5c24-8be0-71e88bffb933','OL_OCCUPANCY','Full-time Resident','categorical',null,null,null),
('281cc058-99d8-5c24-8be0-71e88bffb933','OL_COST_MANAGEABLE','5','numeric',5,100.0,null),
('281cc058-99d8-5c24-8be0-71e88bffb933','OL_ENERGY_KNOW','Yes','categorical',null,100,null),
('281cc058-99d8-5c24-8be0-71e88bffb933','OL_ACTIVE_TRAVEL','2','numeric',2,25.0,null),
('281cc058-99d8-5c24-8be0-71e88bffb933','OL_SECURITY','3','numeric',3,50.0,null),
('281cc058-99d8-5c24-8be0-71e88bffb933','OL_PUBLIC_REALM','4','numeric',4,75.0,null),
('281cc058-99d8-5c24-8be0-71e88bffb933','OL_GRIEVANCE','5','numeric',5,100.0,null),
('281cc058-99d8-5c24-8be0-71e88bffb933','OL_WELLBEING_AWARE','4','numeric',4,75.0,null),
('281cc058-99d8-5c24-8be0-71e88bffb933','OL_OFFERING_1','Expanded Green Space / Shading','multi',null,null,null),
('281cc058-99d8-5c24-8be0-71e88bffb933','OL_OFFERING_2','Community Workshops & Social Events','multi',null,null,null),
('281cc058-99d8-5c24-8be0-71e88bffb933','OL_OPEN','Can we use the rooftop terrace for a resident-led community herb garden? It’s a great way for neighbors to connect and greens the concrete view','text',null,null,'positive'),
('afd2788c-f47c-515d-a9da-62165443c85a','OL_OCCUPANCY','Full-time Resident','categorical',null,null,null),
('afd2788c-f47c-515d-a9da-62165443c85a','OL_COST_MANAGEABLE','1','numeric',1,0.0,null),
('afd2788c-f47c-515d-a9da-62165443c85a','OL_COST_FOLLOWUP','Massive spike in district heating costs. The billing is a total black box—no individual meters, just split across units."','text',null,null,'negative'),
('afd2788c-f47c-515d-a9da-62165443c85a','OL_ENERGY_KNOW','Yes','categorical',null,100,null),
('afd2788c-f47c-515d-a9da-62165443c85a','OL_ACTIVE_TRAVEL','3','numeric',3,50.0,null),
('afd2788c-f47c-515d-a9da-62165443c85a','OL_SECURITY','2','numeric',2,25.0,null),
('afd2788c-f47c-515d-a9da-62165443c85a','OL_PUBLIC_REALM','5','numeric',5,100.0,null),
('afd2788c-f47c-515d-a9da-62165443c85a','OL_GRIEVANCE','4','numeric',4,75.0,null),
('afd2788c-f47c-515d-a9da-62165443c85a','OL_WELLBEING_AWARE','2','numeric',2,25.0,null),
('afd2788c-f47c-515d-a9da-62165443c85a','OL_OFFERING_1','Expanded Green Space / Shading','multi',null,null,null),
('afd2788c-f47c-515d-a9da-62165443c85a','OL_OFFERING_2','Local Business/Independent Retail Pop-ups','multi',null,null,null),
('afd2788c-f47c-515d-a9da-62165443c85a','OL_OPEN','Please partner with the local bakery in the arches to bring a pop up. It supports the neighborhood','text',null,null,'positive'),
('1766d762-d7ba-5c41-b95a-2f1f81142fcb','OL_OCCUPANCY','Full-time Resident','categorical',null,null,null),
('1766d762-d7ba-5c41-b95a-2f1f81142fcb','OL_COST_MANAGEABLE','1','numeric',1,0.0,null),
('1766d762-d7ba-5c41-b95a-2f1f81142fcb','OL_COST_FOLLOWUP','Unexplained building maintenance hikes. They charge us a fortune for hallway cleaning that only happens once a month.','text',null,null,'negative'),
('1766d762-d7ba-5c41-b95a-2f1f81142fcb','OL_ENERGY_KNOW','No','categorical',null,0,null),
('1766d762-d7ba-5c41-b95a-2f1f81142fcb','OL_ACTIVE_TRAVEL','2','numeric',2,25.0,null),
('1766d762-d7ba-5c41-b95a-2f1f81142fcb','OL_SECURITY','3','numeric',3,50.0,null),
('1766d762-d7ba-5c41-b95a-2f1f81142fcb','OL_PUBLIC_REALM','3','numeric',3,50.0,null),
('1766d762-d7ba-5c41-b95a-2f1f81142fcb','OL_GRIEVANCE','5','numeric',5,100.0,null),
('1766d762-d7ba-5c41-b95a-2f1f81142fcb','OL_WELLBEING_AWARE','2','numeric',2,25.0,null),
('1766d762-d7ba-5c41-b95a-2f1f81142fcb','OL_OFFERING_1','Secure Bicycle & EV Infrastructure','multi',null,null,null),
('1766d762-d7ba-5c41-b95a-2f1f81142fcb','OL_OFFERING_2','Local Business/Independent Retail Pop-ups','multi',null,null,null),
('1766d762-d7ba-5c41-b95a-2f1f81142fcb','OL_OPEN','We need EV charging points allocated to rental units, not just open visitor bays. It’s the only way residents can confidently switch to electric."','text',null,null,'neutral'),
('d6e0708f-9f0a-5810-ac0a-1db03b5fc556','OL_OCCUPANCY','Full-time Resident','categorical',null,null,null),
('d6e0708f-9f0a-5810-ac0a-1db03b5fc556','OL_COST_MANAGEABLE','3','numeric',3,50.0,null),
('d6e0708f-9f0a-5810-ac0a-1db03b5fc556','OL_ENERGY_KNOW','Yes','categorical',null,100,null),
('d6e0708f-9f0a-5810-ac0a-1db03b5fc556','OL_ACTIVE_TRAVEL','5','numeric',5,100.0,null),
('d6e0708f-9f0a-5810-ac0a-1db03b5fc556','OL_SECURITY','4','numeric',4,75.0,null),
('d6e0708f-9f0a-5810-ac0a-1db03b5fc556','OL_PUBLIC_REALM','3','numeric',3,50.0,null),
('d6e0708f-9f0a-5810-ac0a-1db03b5fc556','OL_GRIEVANCE','5','numeric',5,100.0,null),
('d6e0708f-9f0a-5810-ac0a-1db03b5fc556','OL_WELLBEING_AWARE','1','numeric',1,0.0,null),
('d6e0708f-9f0a-5810-ac0a-1db03b5fc556','OL_OFFERING_1','Improved Lighting & Public Safety Measures','multi',null,null,null),
('d6e0708f-9f0a-5810-ac0a-1db03b5fc556','OL_OFFERING_2','Expanded Green Space / Shading','multi',null,null,null),
('d6e0708f-9f0a-5810-ac0a-1db03b5fc556','OL_OPEN','Please add a bulky-item recycling depot on-site. When tenants move out, usable furniture gets dumped; a swap-and-recycle zone would stop waste.','text',null,null,'neutral'),
('de1f2f32-ac48-5600-a35f-fbc4d32f8c97','OL_OCCUPANCY','Part-time/Commuter','categorical',null,null,null),
('de1f2f32-ac48-5600-a35f-fbc4d32f8c97','OL_COST_MANAGEABLE','1','numeric',1,0.0,null),
('de1f2f32-ac48-5600-a35f-fbc4d32f8c97','OL_ENERGY_KNOW','No','categorical',null,0,null),
('de1f2f32-ac48-5600-a35f-fbc4d32f8c97','OL_ACTIVE_TRAVEL','3','numeric',3,50.0,null),
('de1f2f32-ac48-5600-a35f-fbc4d32f8c97','OL_SECURITY','1','numeric',1,0.0,null),
('de1f2f32-ac48-5600-a35f-fbc4d32f8c97','OL_PUBLIC_REALM','3','numeric',3,50.0,null),
('de1f2f32-ac48-5600-a35f-fbc4d32f8c97','OL_GRIEVANCE','5','numeric',5,100.0,null),
('de1f2f32-ac48-5600-a35f-fbc4d32f8c97','OL_WELLBEING_AWARE','5','numeric',5,100.0,null),
('de1f2f32-ac48-5600-a35f-fbc4d32f8c97','OL_OFFERING_1','Expanded Green Space / Shading','multi',null,null,null),
('de1f2f32-ac48-5600-a35f-fbc4d32f8c97','OL_OFFERING_2','Secure Bicycle & EV Infrastructure','multi',null,null,null),
('de1f2f32-ac48-5600-a35f-fbc4d32f8c97','OL_OPEN','Could the ground-floor retail space be offered at a discount to a local independent grocery store?','text',null,null,'neutral'),
('444a414b-0fb3-5ab6-a0d7-c6d784e36ea0','OL_OCCUPANCY','Full-time Resident','categorical',null,null,null),
('444a414b-0fb3-5ab6-a0d7-c6d784e36ea0','OL_COST_MANAGEABLE','1','numeric',1,0.0,null),
('444a414b-0fb3-5ab6-a0d7-c6d784e36ea0','OL_COST_FOLLOWUP','The mandatory smart-home tech package fee. It went up 40% this year and we aren''t allowed to opt out to save money.','text',null,null,'negative'),
('444a414b-0fb3-5ab6-a0d7-c6d784e36ea0','OL_ENERGY_KNOW','No','categorical',null,0,null),
('444a414b-0fb3-5ab6-a0d7-c6d784e36ea0','OL_ACTIVE_TRAVEL','3','numeric',3,50.0,null),
('444a414b-0fb3-5ab6-a0d7-c6d784e36ea0','OL_SECURITY','3','numeric',3,50.0,null),
('444a414b-0fb3-5ab6-a0d7-c6d784e36ea0','OL_PUBLIC_REALM','5','numeric',5,100.0,null),
('444a414b-0fb3-5ab6-a0d7-c6d784e36ea0','OL_GRIEVANCE','3','numeric',3,50.0,null),
('444a414b-0fb3-5ab6-a0d7-c6d784e36ea0','OL_WELLBEING_AWARE','4','numeric',4,75.0,null),
('444a414b-0fb3-5ab6-a0d7-c6d784e36ea0','OL_OFFERING_1','Secure Bicycle & EV Infrastructure','multi',null,null,null),
('444a414b-0fb3-5ab6-a0d7-c6d784e36ea0','OL_OFFERING_2','Community Workshops & Social Events','multi',null,null,null),
('444a414b-0fb3-5ab6-a0d7-c6d784e36ea0','OL_OPEN','mailroom really messy all the time','text',null,null,'negative'),
('d7119f9b-e048-5775-aea0-392473220899','OL_OCCUPANCY','Full-time Resident','categorical',null,null,null),
('d7119f9b-e048-5775-aea0-392473220899','OL_COST_MANAGEABLE','1','numeric',1,0.0,null),
('d7119f9b-e048-5775-aea0-392473220899','OL_ENERGY_KNOW','No','categorical',null,0,null),
('d7119f9b-e048-5775-aea0-392473220899','OL_ACTIVE_TRAVEL','5','numeric',5,100.0,null),
('d7119f9b-e048-5775-aea0-392473220899','OL_SECURITY','4','numeric',4,75.0,null),
('d7119f9b-e048-5775-aea0-392473220899','OL_PUBLIC_REALM','5','numeric',5,100.0,null),
('d7119f9b-e048-5775-aea0-392473220899','OL_GRIEVANCE','5','numeric',5,100.0,null),
('d7119f9b-e048-5775-aea0-392473220899','OL_WELLBEING_AWARE','1','numeric',1,0.0,null),
('d7119f9b-e048-5775-aea0-392473220899','OL_OFFERING_1','Expanded Green Space / Shading','multi',null,null,null),
('d7119f9b-e048-5775-aea0-392473220899','OL_OFFERING_2','Improved Lighting & Public Safety Measures','multi',null,null,null),
('d7119f9b-e048-5775-aea0-392473220899','OL_OPEN','We need a digital community board','text',null,null,'neutral'),
('a0d10c40-b64e-5b2e-b6bb-6f6628e37afb','OL_OCCUPANCY','Full-time Resident','categorical',null,null,null),
('a0d10c40-b64e-5b2e-b6bb-6f6628e37afb','OL_COST_MANAGEABLE','4','numeric',4,75.0,null),
('a0d10c40-b64e-5b2e-b6bb-6f6628e37afb','OL_ENERGY_KNOW','Yes','categorical',null,100,null),
('a0d10c40-b64e-5b2e-b6bb-6f6628e37afb','OL_ACTIVE_TRAVEL','5','numeric',5,100.0,null),
('a0d10c40-b64e-5b2e-b6bb-6f6628e37afb','OL_SECURITY','2','numeric',2,25.0,null),
('a0d10c40-b64e-5b2e-b6bb-6f6628e37afb','OL_PUBLIC_REALM','3','numeric',3,50.0,null),
('a0d10c40-b64e-5b2e-b6bb-6f6628e37afb','OL_GRIEVANCE','4','numeric',4,75.0,null),
('a0d10c40-b64e-5b2e-b6bb-6f6628e37afb','OL_WELLBEING_AWARE','2','numeric',2,25.0,null),
('a0d10c40-b64e-5b2e-b6bb-6f6628e37afb','OL_OFFERING_1','Local Business/Independent Retail Pop-ups','multi',null,null,null),
('a0d10c40-b64e-5b2e-b6bb-6f6628e37afb','OL_OFFERING_2','Expanded Green Space / Shading','multi',null,null,null),
('a0d10c40-b64e-5b2e-b6bb-6f6628e37afb','OL_OPEN','Can the development host a monthly neighborhood donation drive in the lobby? It’s an easy way for us to give back to the local shelter nearby.','text',null,null,'positive'),
('c7939da1-9386-5920-8b64-d3739dbd208b','OL_OCCUPANCY','Visitor/Community Member','categorical',null,null,null),
('c7939da1-9386-5920-8b64-d3739dbd208b','OL_COST_MANAGEABLE','1','numeric',1,0.0,null),
('c7939da1-9386-5920-8b64-d3739dbd208b','OL_ENERGY_KNOW','Yes','categorical',null,100,null),
('c7939da1-9386-5920-8b64-d3739dbd208b','OL_ACTIVE_TRAVEL','3','numeric',3,50.0,null),
('c7939da1-9386-5920-8b64-d3739dbd208b','OL_SECURITY','2','numeric',2,25.0,null),
('c7939da1-9386-5920-8b64-d3739dbd208b','OL_PUBLIC_REALM','3','numeric',3,50.0,null),
('c7939da1-9386-5920-8b64-d3739dbd208b','OL_GRIEVANCE','2','numeric',2,25.0,null),
('c7939da1-9386-5920-8b64-d3739dbd208b','OL_WELLBEING_AWARE','3','numeric',3,50.0,null),
('c7939da1-9386-5920-8b64-d3739dbd208b','OL_OFFERING_1','Local Business/Independent Retail Pop-ups','multi',null,null,null),
('c7939da1-9386-5920-8b64-d3739dbd208b','OL_OFFERING_2','Community Workshops & Social Events','multi',null,null,null),
('c7939da1-9386-5920-8b64-d3739dbd208b','OL_OPEN','We suggest adding a pram and stroller parking garage near the main lobby. Dragging wet strollers around isn''t fun','text',null,null,'neutral'),
('a9a1ee2b-bce4-55cd-bec8-4150ccd8d9f0','OL_OCCUPANCY','Visitor/Community Member','categorical',null,null,null),
('a9a1ee2b-bce4-55cd-bec8-4150ccd8d9f0','OL_COST_MANAGEABLE','4','numeric',4,75.0,null),
('a9a1ee2b-bce4-55cd-bec8-4150ccd8d9f0','OL_ENERGY_KNOW','Yes','categorical',null,100,null),
('a9a1ee2b-bce4-55cd-bec8-4150ccd8d9f0','OL_ACTIVE_TRAVEL','5','numeric',5,100.0,null),
('a9a1ee2b-bce4-55cd-bec8-4150ccd8d9f0','OL_SECURITY','4','numeric',4,75.0,null),
('a9a1ee2b-bce4-55cd-bec8-4150ccd8d9f0','OL_PUBLIC_REALM','5','numeric',5,100.0,null),
('a9a1ee2b-bce4-55cd-bec8-4150ccd8d9f0','OL_GRIEVANCE','3','numeric',3,50.0,null),
('a9a1ee2b-bce4-55cd-bec8-4150ccd8d9f0','OL_WELLBEING_AWARE','2','numeric',2,25.0,null),
('a9a1ee2b-bce4-55cd-bec8-4150ccd8d9f0','OL_OFFERING_1','Expanded Green Space / Shading','multi',null,null,null),
('a9a1ee2b-bce4-55cd-bec8-4150ccd8d9f0','OL_OFFERING_2','Secure Bicycle & EV Infrastructure','multi',null,null,null),
('a9a1ee2b-bce4-55cd-bec8-4150ccd8d9f0','OL_OPEN','lease add motion-sensor LED lighting to the external walkways facing the public park. It enhances safety for both tenants and local walkers.','text',null,null,'positive'),
('9b452616-76e8-5c11-888d-541f827256f7','OL_OCCUPANCY','Full-time Resident','categorical',null,null,null),
('9b452616-76e8-5c11-888d-541f827256f7','OL_COST_MANAGEABLE','3','numeric',3,50.0,null),
('9b452616-76e8-5c11-888d-541f827256f7','OL_COST_FOLLOWUP','A new ''courtyard upkeep'' surcharge appeared on our statement. The grass hasn''t been cut or weeded in over a year.','text',null,null,'negative'),
('9b452616-76e8-5c11-888d-541f827256f7','OL_ENERGY_KNOW','No','categorical',null,0,null),
('9b452616-76e8-5c11-888d-541f827256f7','OL_ACTIVE_TRAVEL','2','numeric',2,25.0,null),
('9b452616-76e8-5c11-888d-541f827256f7','OL_SECURITY','4','numeric',4,75.0,null),
('9b452616-76e8-5c11-888d-541f827256f7','OL_PUBLIC_REALM','5','numeric',5,100.0,null),
('9b452616-76e8-5c11-888d-541f827256f7','OL_GRIEVANCE','5','numeric',5,100.0,null),
('9b452616-76e8-5c11-888d-541f827256f7','OL_WELLBEING_AWARE','2','numeric',2,25.0,null),
('9b452616-76e8-5c11-888d-541f827256f7','OL_OFFERING_1','Secure Bicycle & EV Infrastructure','multi',null,null,null),
('9b452616-76e8-5c11-888d-541f827256f7','OL_OFFERING_2','Community Workshops & Social Events','multi',null,null,null),
('9b452616-76e8-5c11-888d-541f827256f7','OL_OPEN','communal lounge host free wellbeing seminars','text',null,null,'positive'),
('b25545de-1381-503b-9bec-b97b37a20a70','OL_OCCUPANCY','Full-time Resident','categorical',null,null,null),
('b25545de-1381-503b-9bec-b97b37a20a70','OL_COST_MANAGEABLE','1','numeric',1,0.0,null),
('b25545de-1381-503b-9bec-b97b37a20a70','OL_COST_FOLLOWUP','Reserve fund contributions for the roof repair have been tacked onto our monthly service charge without any consultation."','text',null,null,'negative'),
('b25545de-1381-503b-9bec-b97b37a20a70','OL_ENERGY_KNOW','No','categorical',null,0,null),
('b25545de-1381-503b-9bec-b97b37a20a70','OL_ACTIVE_TRAVEL','4','numeric',4,75.0,null),
('b25545de-1381-503b-9bec-b97b37a20a70','OL_SECURITY','3','numeric',3,50.0,null),
('b25545de-1381-503b-9bec-b97b37a20a70','OL_PUBLIC_REALM','3','numeric',3,50.0,null),
('b25545de-1381-503b-9bec-b97b37a20a70','OL_GRIEVANCE','4','numeric',4,75.0,null),
('b25545de-1381-503b-9bec-b97b37a20a70','OL_WELLBEING_AWARE','1','numeric',1,0.0,null),
('b25545de-1381-503b-9bec-b97b37a20a70','OL_OFFERING_1','Improved Lighting & Public Safety Measures','multi',null,null,null),
('b25545de-1381-503b-9bec-b97b37a20a70','OL_OFFERING_2','Local Business/Independent Retail Pop-ups','multi',null,null,null),
('b25545de-1381-503b-9bec-b97b37a20a70','OL_OPEN','share regular updates on local businesses','text',null,null,'positive'),
('635a091f-81bc-5776-9e9d-7461fc20810e','OL_OCCUPANCY','Full-time Resident','categorical',null,null,null),
('635a091f-81bc-5776-9e9d-7461fc20810e','OL_COST_MANAGEABLE','1','numeric',1,0.0,null),
('635a091f-81bc-5776-9e9d-7461fc20810e','OL_ENERGY_KNOW','No','categorical',null,0,null),
('635a091f-81bc-5776-9e9d-7461fc20810e','OL_ACTIVE_TRAVEL','5','numeric',5,100.0,null),
('635a091f-81bc-5776-9e9d-7461fc20810e','OL_SECURITY','3','numeric',3,50.0,null),
('635a091f-81bc-5776-9e9d-7461fc20810e','OL_PUBLIC_REALM','4','numeric',4,75.0,null),
('635a091f-81bc-5776-9e9d-7461fc20810e','OL_GRIEVANCE','5','numeric',5,100.0,null),
('635a091f-81bc-5776-9e9d-7461fc20810e','OL_WELLBEING_AWARE','2','numeric',2,25.0,null),
('635a091f-81bc-5776-9e9d-7461fc20810e','OL_OFFERING_1','Expanded Green Space / Shading','multi',null,null,null),
('635a091f-81bc-5776-9e9d-7461fc20810e','OL_OFFERING_2','Improved Lighting & Public Safety Measures','multi',null,null,null),
('635a091f-81bc-5776-9e9d-7461fc20810e','OL_OPEN','We need more EV charging points!','text',null,null,'neutral'),
('2b65c755-99d8-58da-b34f-7b95afaaf0e8','OL_OCCUPANCY','Full-time Resident','categorical',null,null,null),
('2b65c755-99d8-58da-b34f-7b95afaaf0e8','OL_COST_MANAGEABLE','3','numeric',3,50.0,null),
('2b65c755-99d8-58da-b34f-7b95afaaf0e8','OL_COST_FOLLOWUP','Car parking space rent went up by £75 a month out of nowhere, despite no security upgrades or fixes to the broken gate."','text',null,null,'negative'),
('2b65c755-99d8-58da-b34f-7b95afaaf0e8','OL_ENERGY_KNOW','No','categorical',null,0,null),
('2b65c755-99d8-58da-b34f-7b95afaaf0e8','OL_ACTIVE_TRAVEL','5','numeric',5,100.0,null),
('2b65c755-99d8-58da-b34f-7b95afaaf0e8','OL_SECURITY','4','numeric',4,75.0,null),
('2b65c755-99d8-58da-b34f-7b95afaaf0e8','OL_PUBLIC_REALM','3','numeric',3,50.0,null),
('2b65c755-99d8-58da-b34f-7b95afaaf0e8','OL_GRIEVANCE','4','numeric',4,75.0,null),
('2b65c755-99d8-58da-b34f-7b95afaaf0e8','OL_WELLBEING_AWARE','4','numeric',4,75.0,null),
('2b65c755-99d8-58da-b34f-7b95afaaf0e8','OL_OFFERING_1','Secure Bicycle & EV Infrastructure','multi',null,null,null),
('2b65c755-99d8-58da-b34f-7b95afaaf0e8','OL_OFFERING_2','Improved Lighting & Public Safety Measures','multi',null,null,null),
('2b65c755-99d8-58da-b34f-7b95afaaf0e8','OL_OPEN','An 8-storey building needs dedicated kid-friendly zones. A small, secure ground-floor playroom or fenced outdoor playground would have vastly improved daily life for families here','text',null,null,'positive'),
('9aa7a4fe-7305-5537-b226-4d1b653a5bfe','OL_OCCUPANCY','Full-time Resident','categorical',null,null,null),
('9aa7a4fe-7305-5537-b226-4d1b653a5bfe','OL_COST_MANAGEABLE','1','numeric',1,0.0,null),
('9aa7a4fe-7305-5537-b226-4d1b653a5bfe','OL_COST_FOLLOWUP','The shared hallway electricity bill tripled. Management won''t show the master meter data or explain the sudden jump.','text',null,null,'negative'),
('9aa7a4fe-7305-5537-b226-4d1b653a5bfe','OL_ENERGY_KNOW','Yes','categorical',null,100,null),
('9aa7a4fe-7305-5537-b226-4d1b653a5bfe','OL_ACTIVE_TRAVEL','5','numeric',5,100.0,null),
('9aa7a4fe-7305-5537-b226-4d1b653a5bfe','OL_SECURITY','1','numeric',1,0.0,null),
('9aa7a4fe-7305-5537-b226-4d1b653a5bfe','OL_PUBLIC_REALM','4','numeric',4,75.0,null),
('9aa7a4fe-7305-5537-b226-4d1b653a5bfe','OL_GRIEVANCE','2','numeric',2,25.0,null),
('9aa7a4fe-7305-5537-b226-4d1b653a5bfe','OL_WELLBEING_AWARE','1','numeric',1,0.0,null),
('9aa7a4fe-7305-5537-b226-4d1b653a5bfe','OL_OFFERING_1','Improved Lighting & Public Safety Measures','multi',null,null,null),
('9aa7a4fe-7305-5537-b226-4d1b653a5bfe','OL_OFFERING_2','Community Workshops & Social Events','multi',null,null,null),
('9aa7a4fe-7305-5537-b226-4d1b653a5bfe','OL_OPEN','adding a small, fenced dog run on the rooftop or ground level would keep the immediate neighbourhood cleaner and help pet-owning residents exercise their dogs safely.','text',null,null,'positive'),
('a5398df0-40fb-5023-8dfc-589abe054447','OL_OCCUPANCY','Full-time Resident','categorical',null,null,null),
('a5398df0-40fb-5023-8dfc-589abe054447','OL_COST_MANAGEABLE','1','numeric',1,0.0,null),
('a5398df0-40fb-5023-8dfc-589abe054447','OL_COST_FOLLOWUP','Everything is just more expensive now because inflation is at an all-time high and the value of the pound dropped."','text',null,null,'negative'),
('a5398df0-40fb-5023-8dfc-589abe054447','OL_ENERGY_KNOW','Yes','categorical',null,100,null),
('a5398df0-40fb-5023-8dfc-589abe054447','OL_ACTIVE_TRAVEL','5','numeric',5,100.0,null),
('a5398df0-40fb-5023-8dfc-589abe054447','OL_SECURITY','1','numeric',1,0.0,null),
('a5398df0-40fb-5023-8dfc-589abe054447','OL_PUBLIC_REALM','4','numeric',4,75.0,null),
('a5398df0-40fb-5023-8dfc-589abe054447','OL_GRIEVANCE','3','numeric',3,50.0,null),
('a5398df0-40fb-5023-8dfc-589abe054447','OL_WELLBEING_AWARE','1','numeric',1,0.0,null),
('a5398df0-40fb-5023-8dfc-589abe054447','OL_OFFERING_1','Secure Bicycle & EV Infrastructure','multi',null,null,null),
('a5398df0-40fb-5023-8dfc-589abe054447','OL_OFFERING_2','Expanded Green Space / Shading','multi',null,null,null),
('a5398df0-40fb-5023-8dfc-589abe054447','OL_OPEN','a shared co-working space or quiet study room on the mezzanine would have better served the high number of remote workers in this building.','text',null,null,'neutral'),
('b12e066f-3881-5a2c-b1a4-167895bd390c','OL_OCCUPANCY','Full-time Resident','categorical',null,null,null),
('b12e066f-3881-5a2c-b1a4-167895bd390c','OL_COST_MANAGEABLE','1','numeric',1,0.0,null),
('b12e066f-3881-5a2c-b1a4-167895bd390c','OL_COST_FOLLOWUP','A massive new fee for the ''parcel locker system'' that we never asked for and barely works half the time."','text',null,null,'negative'),
('b12e066f-3881-5a2c-b1a4-167895bd390c','OL_ENERGY_KNOW','Yes','categorical',null,100,null),
('b12e066f-3881-5a2c-b1a4-167895bd390c','OL_ACTIVE_TRAVEL','3','numeric',3,50.0,null),
('b12e066f-3881-5a2c-b1a4-167895bd390c','OL_SECURITY','4','numeric',4,75.0,null),
('b12e066f-3881-5a2c-b1a4-167895bd390c','OL_PUBLIC_REALM','5','numeric',5,100.0,null),
('b12e066f-3881-5a2c-b1a4-167895bd390c','OL_GRIEVANCE','5','numeric',5,100.0,null),
('b12e066f-3881-5a2c-b1a4-167895bd390c','OL_WELLBEING_AWARE','5','numeric',5,100.0,null),
('b12e066f-3881-5a2c-b1a4-167895bd390c','OL_OFFERING_1','Secure Bicycle & EV Infrastructure','multi',null,null,null),
('b12e066f-3881-5a2c-b1a4-167895bd390c','OL_OFFERING_2','Expanded Green Space / Shading','multi',null,null,null),
('b12e066f-3881-5a2c-b1a4-167895bd390c','OL_OPEN','A communal rooftop garden with BBQ facilities would have fostered a much stronger sense of community among residents across all eight floors','text',null,null,'positive'),
('3dc3fde5-9e79-5b65-8972-f9afdf511f32','OL_OCCUPANCY','Full-time Resident','categorical',null,null,null),
('3dc3fde5-9e79-5b65-8972-f9afdf511f32','OL_COST_MANAGEABLE','1','numeric',1,0.0,null),
('3dc3fde5-9e79-5b65-8972-f9afdf511f32','OL_COST_FOLLOWUP','Elevator maintenance surcharges keep climbing, even though the main lift has been out of service for three weeks.','text',null,null,'negative'),
('3dc3fde5-9e79-5b65-8972-f9afdf511f32','OL_ENERGY_KNOW','No','categorical',null,0,null),
('3dc3fde5-9e79-5b65-8972-f9afdf511f32','OL_ACTIVE_TRAVEL','5','numeric',5,100.0,null),
('3dc3fde5-9e79-5b65-8972-f9afdf511f32','OL_SECURITY','4','numeric',4,75.0,null),
('3dc3fde5-9e79-5b65-8972-f9afdf511f32','OL_PUBLIC_REALM','4','numeric',4,75.0,null),
('3dc3fde5-9e79-5b65-8972-f9afdf511f32','OL_GRIEVANCE','5','numeric',5,100.0,null),
('3dc3fde5-9e79-5b65-8972-f9afdf511f32','OL_WELLBEING_AWARE','4','numeric',4,75.0,null),
('3dc3fde5-9e79-5b65-8972-f9afdf511f32','OL_OFFERING_1','Community Workshops & Social Events','multi',null,null,null),
('3dc3fde5-9e79-5b65-8972-f9afdf511f32','OL_OFFERING_2','Expanded Green Space / Shading','multi',null,null,null),
('3dc3fde5-9e79-5b65-8972-f9afdf511f32','OL_OPEN','The lobby desperately needs a secure, smart parcel locker system. Courier theft is high, and it would keep the entrance clear of cluttered packages for everyone','text',null,null,'negative'),
('ea1c3d32-c61e-5232-8a38-5c0de9f35d7f','OL_OCCUPANCY','Full-time Resident','categorical',null,null,null),
('ea1c3d32-c61e-5232-8a38-5c0de9f35d7f','OL_COST_MANAGEABLE','1','numeric',1,0.0,null),
('ea1c3d32-c61e-5232-8a38-5c0de9f35d7f','OL_ENERGY_KNOW','Yes','categorical',null,100,null),
('ea1c3d32-c61e-5232-8a38-5c0de9f35d7f','OL_ACTIVE_TRAVEL','4','numeric',4,75.0,null),
('ea1c3d32-c61e-5232-8a38-5c0de9f35d7f','OL_SECURITY','3','numeric',3,50.0,null),
('ea1c3d32-c61e-5232-8a38-5c0de9f35d7f','OL_PUBLIC_REALM','4','numeric',4,75.0,null),
('ea1c3d32-c61e-5232-8a38-5c0de9f35d7f','OL_GRIEVANCE','5','numeric',5,100.0,null),
('ea1c3d32-c61e-5232-8a38-5c0de9f35d7f','OL_WELLBEING_AWARE','4','numeric',4,75.0,null),
('ea1c3d32-c61e-5232-8a38-5c0de9f35d7f','OL_OFFERING_1','Expanded Green Space / Shading','multi',null,null,null),
('ea1c3d32-c61e-5232-8a38-5c0de9f35d7f','OL_OFFERING_2','Community Workshops & Social Events','multi',null,null,null),
('ea1c3d32-c61e-5232-8a38-5c0de9f35d7f','OL_OPEN','installing a third high-speed service elevator would prevent the massive morning bottlenecks','text',null,null,'negative'),
('d348bcdb-37d8-5cf1-b9e5-62c1f7b5f622','OL_OCCUPANCY','Full-time Resident','categorical',null,null,null),
('d348bcdb-37d8-5cf1-b9e5-62c1f7b5f622','OL_COST_MANAGEABLE','1','numeric',1,0.0,null),
('d348bcdb-37d8-5cf1-b9e5-62c1f7b5f622','OL_COST_FOLLOWUP','Water bills are split equally by square footage rather than actual usage, forcing single renters to pay for huge families.','text',null,null,'negative'),
('d348bcdb-37d8-5cf1-b9e5-62c1f7b5f622','OL_ENERGY_KNOW','Yes','categorical',null,100,null),
('d348bcdb-37d8-5cf1-b9e5-62c1f7b5f622','OL_ACTIVE_TRAVEL','5','numeric',5,100.0,null),
('d348bcdb-37d8-5cf1-b9e5-62c1f7b5f622','OL_SECURITY','2','numeric',2,25.0,null),
('d348bcdb-37d8-5cf1-b9e5-62c1f7b5f622','OL_PUBLIC_REALM','5','numeric',5,100.0,null),
('d348bcdb-37d8-5cf1-b9e5-62c1f7b5f622','OL_GRIEVANCE','4','numeric',4,75.0,null),
('d348bcdb-37d8-5cf1-b9e5-62c1f7b5f622','OL_WELLBEING_AWARE','2','numeric',2,25.0,null),
('d348bcdb-37d8-5cf1-b9e5-62c1f7b5f622','OL_OFFERING_1','Secure Bicycle & EV Infrastructure','multi',null,null,null),
('d348bcdb-37d8-5cf1-b9e5-62c1f7b5f622','OL_OFFERING_2','Local Business/Independent Retail Pop-ups','multi',null,null,null),
('d348bcdb-37d8-5cf1-b9e5-62c1f7b5f622','OL_OPEN','The development lacks adequate basement storage cages. Providing secure, oversized lockers for bulky items like seasonal gear','text',null,null,'negative'),
('6a8f9d9f-cf3b-5751-bc03-efd10718a2db','OL_OCCUPANCY','Local Business Employee','categorical',null,null,null),
('6a8f9d9f-cf3b-5751-bc03-efd10718a2db','OL_COST_MANAGEABLE','N/A','categorical',null,null,null),
('6a8f9d9f-cf3b-5751-bc03-efd10718a2db','OL_ENERGY_KNOW','No','categorical',null,0,null),
('6a8f9d9f-cf3b-5751-bc03-efd10718a2db','OL_ACTIVE_TRAVEL','3','numeric',3,50.0,null),
('6a8f9d9f-cf3b-5751-bc03-efd10718a2db','OL_SECURITY','3','numeric',3,50.0,null),
('6a8f9d9f-cf3b-5751-bc03-efd10718a2db','OL_PUBLIC_REALM','3','numeric',3,50.0,null),
('6a8f9d9f-cf3b-5751-bc03-efd10718a2db','OL_GRIEVANCE','5','numeric',5,100.0,null),
('6a8f9d9f-cf3b-5751-bc03-efd10718a2db','OL_WELLBEING_AWARE','2','numeric',2,25.0,null),
('6a8f9d9f-cf3b-5751-bc03-efd10718a2db','OL_OFFERING_1','Secure Bicycle & EV Infrastructure','multi',null,null,null),
('6a8f9d9f-cf3b-5751-bc03-efd10718a2db','OL_OFFERING_2','Local Business/Independent Retail Pop-ups','multi',null,null,null),
('6a8f9d9f-cf3b-5751-bc03-efd10718a2db','OL_OPEN','Every other parking bay should have been pre-wired for EV charging.','text',null,null,'neutral'),
('9a021591-c51e-5120-a640-768bc8d864ea','OL_OCCUPANCY','Full-time Resident','categorical',null,null,null),
('9a021591-c51e-5120-a640-768bc8d864ea','OL_COST_MANAGEABLE','3','numeric',3,50.0,null),
('9a021591-c51e-5120-a640-768bc8d864ea','OL_ENERGY_KNOW','No','categorical',null,0,null),
('9a021591-c51e-5120-a640-768bc8d864ea','OL_ACTIVE_TRAVEL','5','numeric',5,100.0,null),
('9a021591-c51e-5120-a640-768bc8d864ea','OL_SECURITY','4','numeric',4,75.0,null),
('9a021591-c51e-5120-a640-768bc8d864ea','OL_PUBLIC_REALM','3','numeric',3,50.0,null),
('9a021591-c51e-5120-a640-768bc8d864ea','OL_GRIEVANCE','5','numeric',5,100.0,null),
('9a021591-c51e-5120-a640-768bc8d864ea','OL_WELLBEING_AWARE','1','numeric',1,0.0,null),
('9a021591-c51e-5120-a640-768bc8d864ea','OL_OFFERING_1','Improved Lighting & Public Safety Measures','multi',null,null,null),
('9a021591-c51e-5120-a640-768bc8d864ea','OL_OFFERING_2','Secure Bicycle & EV Infrastructure','multi',null,null,null),
('9a021591-c51e-5120-a640-768bc8d864ea','OL_OPEN','The bike storage room is way too cramped for a building this size. Double-tier racks and a small maintenance stand with tools','text',null,null,'negative'),
('cfb44553-71fb-5649-9618-24bb43a2d150','OL_OCCUPANCY','Full-time Resident','categorical',null,null,null),
('cfb44553-71fb-5649-9618-24bb43a2d150','OL_COST_MANAGEABLE','4','numeric',4,75.0,null),
('cfb44553-71fb-5649-9618-24bb43a2d150','OL_ENERGY_KNOW','No','categorical',null,0,null),
('cfb44553-71fb-5649-9618-24bb43a2d150','OL_ACTIVE_TRAVEL','5','numeric',5,100.0,null),
('cfb44553-71fb-5649-9618-24bb43a2d150','OL_SECURITY','1','numeric',1,0.0,null),
('cfb44553-71fb-5649-9618-24bb43a2d150','OL_PUBLIC_REALM','3','numeric',3,50.0,null),
('cfb44553-71fb-5649-9618-24bb43a2d150','OL_GRIEVANCE','5','numeric',5,100.0,null),
('cfb44553-71fb-5649-9618-24bb43a2d150','OL_WELLBEING_AWARE','5','numeric',5,100.0,null),
('cfb44553-71fb-5649-9618-24bb43a2d150','OL_OFFERING_1','Expanded Green Space / Shading','multi',null,null,null),
('cfb44553-71fb-5649-9618-24bb43a2d150','OL_OFFERING_2','Secure Bicycle & EV Infrastructure','multi',null,null,null),
('cfb44553-71fb-5649-9618-24bb43a2d150','OL_OPEN','Integrating a greywater recycling system for flushing toilets and watering the property’s landscaping would have greatly reduced our environmental footprint.','text',null,null,'positive'),
('088fc8a2-99c1-55e4-9362-476d71254fd1','OL_OCCUPANCY','Full-time Resident','categorical',null,null,null),
('088fc8a2-99c1-55e4-9362-476d71254fd1','OL_COST_MANAGEABLE','3','numeric',3,50.0,null),
('088fc8a2-99c1-55e4-9362-476d71254fd1','OL_ENERGY_KNOW','No','categorical',null,0,null),
('088fc8a2-99c1-55e4-9362-476d71254fd1','OL_ACTIVE_TRAVEL','3','numeric',3,50.0,null),
('088fc8a2-99c1-55e4-9362-476d71254fd1','OL_SECURITY','3','numeric',3,50.0,null),
('088fc8a2-99c1-55e4-9362-476d71254fd1','OL_PUBLIC_REALM','5','numeric',5,100.0,null),
('088fc8a2-99c1-55e4-9362-476d71254fd1','OL_GRIEVANCE','3','numeric',3,50.0,null),
('088fc8a2-99c1-55e4-9362-476d71254fd1','OL_WELLBEING_AWARE','4','numeric',4,75.0,null),
('088fc8a2-99c1-55e4-9362-476d71254fd1','OL_OFFERING_1','Secure Bicycle & EV Infrastructure','multi',null,null,null),
('088fc8a2-99c1-55e4-9362-476d71254fd1','OL_OFFERING_2','Community Workshops & Social Events','multi',null,null,null),
('088fc8a2-99c1-55e4-9362-476d71254fd1','OL_OPEN','Acoustic insulation between the gym and first floor should have been upgraded beyond minimum code. We can hear pounding from our apartment','text',null,null,'negative'),
('e2c07da0-d27a-5bfc-96fa-afee194ca9f3','OL_OCCUPANCY','Full-time Resident','categorical',null,null,null),
('e2c07da0-d27a-5bfc-96fa-afee194ca9f3','OL_COST_MANAGEABLE','5','numeric',5,100.0,null),
('e2c07da0-d27a-5bfc-96fa-afee194ca9f3','OL_ENERGY_KNOW','Yes','categorical',null,100,null),
('e2c07da0-d27a-5bfc-96fa-afee194ca9f3','OL_ACTIVE_TRAVEL','5','numeric',5,100.0,null),
('e2c07da0-d27a-5bfc-96fa-afee194ca9f3','OL_SECURITY','4','numeric',4,75.0,null),
('e2c07da0-d27a-5bfc-96fa-afee194ca9f3','OL_PUBLIC_REALM','5','numeric',5,100.0,null),
('e2c07da0-d27a-5bfc-96fa-afee194ca9f3','OL_GRIEVANCE','5','numeric',5,100.0,null),
('e2c07da0-d27a-5bfc-96fa-afee194ca9f3','OL_WELLBEING_AWARE','1','numeric',1,0.0,null),
('e2c07da0-d27a-5bfc-96fa-afee194ca9f3','OL_OFFERING_1','Expanded Green Space / Shading','multi',null,null,null),
('e2c07da0-d27a-5bfc-96fa-afee194ca9f3','OL_OFFERING_2','Improved Lighting & Public Safety Measures','multi',null,null,null),
('e2c07da0-d27a-5bfc-96fa-afee194ca9f3','OL_OPEN','ducted, energy-efficient AC units rather than cheap wall split-systems would have kept our top-floor apartment much cooler','text',null,null,'neutral'),
('9c99a702-7122-5b68-83fb-6380b7f713cd','OL_OCCUPANCY','Full-time Resident','categorical',null,null,null),
('9c99a702-7122-5b68-83fb-6380b7f713cd','OL_COST_MANAGEABLE','2','numeric',2,25.0,null),
('9c99a702-7122-5b68-83fb-6380b7f713cd','OL_COST_FOLLOWUP','The building-wide trash removal and recycling fee surged 50% without any change in the actual collection schedule.','text',null,null,'negative'),
('9c99a702-7122-5b68-83fb-6380b7f713cd','OL_ENERGY_KNOW','Yes','categorical',null,100,null),
('9c99a702-7122-5b68-83fb-6380b7f713cd','OL_ACTIVE_TRAVEL','5','numeric',5,100.0,null),
('9c99a702-7122-5b68-83fb-6380b7f713cd','OL_SECURITY','2','numeric',2,25.0,null),
('9c99a702-7122-5b68-83fb-6380b7f713cd','OL_PUBLIC_REALM','3','numeric',3,50.0,null),
('9c99a702-7122-5b68-83fb-6380b7f713cd','OL_GRIEVANCE','4','numeric',4,75.0,null),
('9c99a702-7122-5b68-83fb-6380b7f713cd','OL_WELLBEING_AWARE','2','numeric',2,25.0,null),
('9c99a702-7122-5b68-83fb-6380b7f713cd','OL_OFFERING_1','Secure Bicycle & EV Infrastructure','multi',null,null,null),
('9c99a702-7122-5b68-83fb-6380b7f713cd','OL_OFFERING_2','Expanded Green Space / Shading','multi',null,null,null),
('9c99a702-7122-5b68-83fb-6380b7f713cd','OL_OPEN','Adding walk-in pantries or more built-in utility closets would have made the two-bedroom layouts significantly more functional for us','text',null,null,'neutral'),
('4f971650-fc25-5c4c-a8e2-85b50cefc5ac','OL_OCCUPANCY','Local Business Employee','categorical',null,null,null),
('4f971650-fc25-5c4c-a8e2-85b50cefc5ac','OL_COST_MANAGEABLE','2','numeric',2,25.0,null),
('4f971650-fc25-5c4c-a8e2-85b50cefc5ac','OL_COST_FOLLOWUP','Unfair security fees. They added a night guard charge to our ledger but car break-ins in the garage are still happening.','text',null,null,'negative'),
('4f971650-fc25-5c4c-a8e2-85b50cefc5ac','OL_ENERGY_KNOW','Yes','categorical',null,100,null),
('4f971650-fc25-5c4c-a8e2-85b50cefc5ac','OL_ACTIVE_TRAVEL','5','numeric',5,100.0,null),
('4f971650-fc25-5c4c-a8e2-85b50cefc5ac','OL_SECURITY','2','numeric',2,25.0,null),
('4f971650-fc25-5c4c-a8e2-85b50cefc5ac','OL_PUBLIC_REALM','3','numeric',3,50.0,null),
('4f971650-fc25-5c4c-a8e2-85b50cefc5ac','OL_GRIEVANCE','2','numeric',2,25.0,null),
('4f971650-fc25-5c4c-a8e2-85b50cefc5ac','OL_WELLBEING_AWARE','3','numeric',3,50.0,null),
('4f971650-fc25-5c4c-a8e2-85b50cefc5ac','OL_OFFERING_1','Local Business/Independent Retail Pop-ups','multi',null,null,null),
('4f971650-fc25-5c4c-a8e2-85b50cefc5ac','OL_OFFERING_2','Community Workshops & Social Events','multi',null,null,null),
('4f971650-fc25-5c4c-a8e2-85b50cefc5ac','OL_OPEN','llocating the ground floor for a small independent cafe or grocery corner store would have activated the street','text',null,null,'neutral'),
('42432b6b-7374-55d8-aaab-2e86e66d9ece','OL_OCCUPANCY','Full-time Resident','categorical',null,null,null),
('42432b6b-7374-55d8-aaab-2e86e66d9ece','OL_COST_MANAGEABLE','2','numeric',2,25.0,null),
('42432b6b-7374-55d8-aaab-2e86e66d9ece','OL_COST_FOLLOWUP','£60/month gym and amenity fee, is a bit high','text',null,null,'negative'),
('42432b6b-7374-55d8-aaab-2e86e66d9ece','OL_ENERGY_KNOW','Yes','categorical',null,100,null),
('42432b6b-7374-55d8-aaab-2e86e66d9ece','OL_ACTIVE_TRAVEL','5','numeric',5,100.0,null),
('42432b6b-7374-55d8-aaab-2e86e66d9ece','OL_SECURITY','4','numeric',4,75.0,null),
('42432b6b-7374-55d8-aaab-2e86e66d9ece','OL_PUBLIC_REALM','5','numeric',5,100.0,null),
('42432b6b-7374-55d8-aaab-2e86e66d9ece','OL_GRIEVANCE','3','numeric',3,50.0,null),
('42432b6b-7374-55d8-aaab-2e86e66d9ece','OL_WELLBEING_AWARE','2','numeric',2,25.0,null),
('42432b6b-7374-55d8-aaab-2e86e66d9ece','OL_OFFERING_1','Expanded Green Space / Shading','multi',null,null,null),
('42432b6b-7374-55d8-aaab-2e86e66d9ece','OL_OFFERING_2','Secure Bicycle & EV Infrastructure','multi',null,null,null),
('42432b6b-7374-55d8-aaab-2e86e66d9ece','OL_OPEN','Development should have included dedicated, secure off-street visitor parking bays to avoid overwhelming the already congested local street','text',null,null,'negative'),
('e268949e-ac86-513a-a6ff-386823a0225b','OL_OCCUPANCY','Full-time Resident','categorical',null,null,null),
('e268949e-ac86-513a-a6ff-386823a0225b','OL_COST_MANAGEABLE','5','numeric',5,100.0,null),
('e268949e-ac86-513a-a6ff-386823a0225b','OL_ENERGY_KNOW','No','categorical',null,0,null),
('e268949e-ac86-513a-a6ff-386823a0225b','OL_ACTIVE_TRAVEL','4','numeric',4,75.0,null),
('e268949e-ac86-513a-a6ff-386823a0225b','OL_SECURITY','4','numeric',4,75.0,null),
('e268949e-ac86-513a-a6ff-386823a0225b','OL_PUBLIC_REALM','5','numeric',5,100.0,null),
('e268949e-ac86-513a-a6ff-386823a0225b','OL_GRIEVANCE','5','numeric',5,100.0,null),
('e268949e-ac86-513a-a6ff-386823a0225b','OL_WELLBEING_AWARE','2','numeric',2,25.0,null),
('e268949e-ac86-513a-a6ff-386823a0225b','OL_OFFERING_1','Secure Bicycle & EV Infrastructure','multi',null,null,null),
('e268949e-ac86-513a-a6ff-386823a0225b','OL_OFFERING_2','Community Workshops & Social Events','multi',null,null,null),
('e268949e-ac86-513a-a6ff-386823a0225b','OL_OPEN','Planting mature, dense canopy trees along the street frontage would have better shielded our lower-level balconies','text',null,null,'positive'),
('ebf413f2-4a3d-5b9b-89d6-1b421bcf130e','OL_OCCUPANCY','Full-time Resident','categorical',null,null,null),
('ebf413f2-4a3d-5b9b-89d6-1b421bcf130e','OL_COST_MANAGEABLE','4','numeric',4,75.0,null),
('ebf413f2-4a3d-5b9b-89d6-1b421bcf130e','OL_ENERGY_KNOW','Yes','categorical',null,100,null),
('ebf413f2-4a3d-5b9b-89d6-1b421bcf130e','OL_ACTIVE_TRAVEL','4','numeric',4,75.0,null),
('ebf413f2-4a3d-5b9b-89d6-1b421bcf130e','OL_SECURITY','3','numeric',3,50.0,null),
('ebf413f2-4a3d-5b9b-89d6-1b421bcf130e','OL_PUBLIC_REALM','3','numeric',3,50.0,null),
('ebf413f2-4a3d-5b9b-89d6-1b421bcf130e','OL_GRIEVANCE','4','numeric',4,75.0,null),
('ebf413f2-4a3d-5b9b-89d6-1b421bcf130e','OL_WELLBEING_AWARE','1','numeric',1,0.0,null),
('ebf413f2-4a3d-5b9b-89d6-1b421bcf130e','OL_OFFERING_1','Improved Lighting & Public Safety Measures','multi',null,null,null),
('ebf413f2-4a3d-5b9b-89d6-1b421bcf130e','OL_OFFERING_2','Local Business/Independent Retail Pop-ups','multi',null,null,null),
('ebf413f2-4a3d-5b9b-89d6-1b421bcf130e','OL_OPEN','More space for storage in the basement.','text',null,null,'neutral'),
('adbaca98-178c-5cf1-865a-eaa8065841c0','OL_OCCUPANCY','Full-time Resident','categorical',null,null,null),
('adbaca98-178c-5cf1-865a-eaa8065841c0','OL_COST_MANAGEABLE','4','numeric',4,75.0,null),
('adbaca98-178c-5cf1-865a-eaa8065841c0','OL_ENERGY_KNOW','No','categorical',null,0,null),
('adbaca98-178c-5cf1-865a-eaa8065841c0','OL_ACTIVE_TRAVEL','3','numeric',3,50.0,null),
('adbaca98-178c-5cf1-865a-eaa8065841c0','OL_SECURITY','3','numeric',3,50.0,null),
('adbaca98-178c-5cf1-865a-eaa8065841c0','OL_PUBLIC_REALM','4','numeric',4,75.0,null),
('adbaca98-178c-5cf1-865a-eaa8065841c0','OL_GRIEVANCE','5','numeric',5,100.0,null),
('adbaca98-178c-5cf1-865a-eaa8065841c0','OL_WELLBEING_AWARE','2','numeric',2,25.0,null),
('adbaca98-178c-5cf1-865a-eaa8065841c0','OL_OFFERING_1','Secure Bicycle & EV Infrastructure','multi',null,null,null),
('adbaca98-178c-5cf1-865a-eaa8065841c0','OL_OFFERING_2','Improved Lighting & Public Safety Measures','multi',null,null,null),
('adbaca98-178c-5cf1-865a-eaa8065841c0','OL_OPEN','The smart window opening system is very complicated to operate!','text',null,null,'negative');